GID_1,NAME_1,GID_2,NAME_2,TYPE_2,priority_34_54,progress_status,log_last_timestamp,log_last_status,log_t1,log_t2_ok,log_t3img_ok,log_t3csv,tiff_on_drive_confirmation,day_csv_valid_months,day_csv_missing_or_invalid_months,day_image_ok_months_in_log,night_csv_valid_months,night_csv_missing_or_invalid_months,night_image_ok_months_in_log
VNM.1_1,An Giang,VNM.1.1_1,An Phú,Huyện,False,done,2026-10-10 02:35:08,done,ok,12,12,ok,not_verified_from_csv_or_progress,12,,12,12,,12
VNM.1_1,An Giang,VNM.1.2_1,Chợ Mới,Huyện,False,done,2026-10-10 02:35:11,done,ok,12,12,ok,not_verified_from_csv_or_progress,12,,12,12,,12
VNM.1_1,An Giang,VNM.1.3_1,Châu Đốc,Thành phố,False,partial,2026-10-10 02:35:34,done,ok,12,12,ok,not_verified_from_csv_or_progress,12,,12,12,,12
VNM.1_1,An Giang,VNM.1.4_1,Châu Phú,Huyện,False,partial,2026-10-10 02:36:10,done,ok,12,12,ok,not_verified_from_csv_or_progress,12,,12,12,,12
VNM.1_1,An Giang,VNM.1.5_1,Châu Thành,Huyện,False,partial,2026-10-10 02:36:04,done,ok,12,12,ok,not_verified_from_csv_or_progress,12,,12,12,,12
VNM.1_1,An Giang,VNM.1.6_1,Long Xuyên,Thành phố,False,partial,2026-10-10 02:36:24,done,ok,12,12,ok,not_verified_from_csv_or_progress,12,,12,12,,12
VNM.1_1,An Giang,VNM.1.7_1,Phú Tân,Huyện,False,partial,2026-10-10 02:36:42,done,ok,12,12,ok,not_verified_from_csv_or_progress,12,,12,12,,12
VNM.1_1,An Giang,VNM.1.8_1,Tịnh Biên,Huyện,False,partial,2026-10-10 02:36:57,done,ok,12,12,ok,not_verified_from_csv_or_progress,12,,12,12,,12
VNM.1_1,An Giang,VNM.1.9_1,Tân Châu,Thị xã,False,partial,2026-10-10 02:37:07,done,ok,12,12,ok,not_verified_from_csv_or_progress,12,,12,12,,12
VNM.1_1,An Giang,VNM.1.10_1,Thoại Sơn,Huyện,False,partial,2026-10-10 02:37:31,done,ok,12,12,ok,not_verified_from_csv_or_progress,12,,12,12,,12
VNM.1_1,An Giang,VNM.1.11_1,Tri Tôn,Huyện,False,partial,,not_in_supplied_log,,,,,not_verified_from_csv_or_progress,12,,9,12,,8
VNM.2_1,Bạc Liêu,VNM.2.1_1,Bạc Liêu,Thành phố,False,partial,,not_in_supplied_log,,,,,not_verified_from_csv_or_progress,12,,0,12,,0
VNM.2_1,Bạc Liêu,VNM.2.2_1,Đông Hải,Huyện,False,pending,,not_in_supplied_log,,,,,not_verified_from_csv_or_progress,12,,0,12,,0
VNM.2_1,Bạc Liêu,VNM.2.3_1,Giá Rai,Thị xã,False,pending,,not_in_supplied_log,,,,,not_verified_from_csv_or_progress,11,2024-12,0,12,,0
VNM.2_1,Bạc Liêu,VNM.2.4_1,Hồng Dân,Huyện,False,pending,,not_in_supplied_log,,,,,not_verified_from_csv_or_progress,11,2024-12,0,12,,0
VNM.2_1,Bạc Liêu,VNM.2.5_1,Hoà Bình,Huyện,False,pending,,not_in_supplied_log,,,,,not_verified_from_csv_or_progress,12,,0,12,,0
VNM.2_1,Bạc Liêu,VNM.2.6_1,Phước Long,Huyện,False,pending,,not_in_supplied_log,,,,,not_verified_from_csv_or_progress,11,2024-12,0,12,,0
VNM.2_1,Bạc Liêu,VNM.2.7_1,Vĩnh Lợi,Huyện,False,pending,,not_in_supplied_log,,,,,not_verified_from_csv_or_progress,12,,0,12,,0
VNM.3_1,Bắc Giang,VNM.3.1_1,Bắc Giang,Thành phố,False,pending,,not_in_supplied_log,,,,,not_verified_from_csv_or_progress,12,,0,12,,0
VNM.3_1,Bắc Giang,VNM.3.2_1,Hiệp Hòa,Huyện,False,pending,,not_in_supplied_log,,,,,not_verified_from_csv_or_progress,12,,0,12,,0
VNM.3_1,Bắc Giang,VNM.3.3_1,Lạng Giang,Huyện,False,pending,,not_in_supplied_log,,,,,not_verified_from_csv_or_progress,12,,0,12,,0
VNM.3_1,Bắc Giang,VNM.3.4_1,Lục Nam,Huyện,False,pending,,not_in_supplied_log,,,,,not_verified_from_csv_or_progress,12,,0,12,,0
VNM.3_1,Bắc Giang,VNM.3.5_1,Lục Ngạn,Huyện,False,pending,,not_in_supplied_log,,,,,not_verified_from_csv_or_progress,12,,0,12,,0
VNM.3_1,Bắc Giang,VNM.3.6_1,Sơn Động,Huyện,False,pending,,not_in_supplied_log,,,,,not_verified_from_csv_or_progress,12,,0,12,,0
VNM.3_1,Bắc Giang,VNM.3.7_1,Tân Yên,Huyện,False,pending,,not_in_supplied_log,,,,,not_verified_from_csv_or_progress,12,,0,12,,0
VNM.3_1,Bắc Giang,VNM.3.8_1,Việt Yên,Huyện,False,pending,,not_in_supplied_log,,,,,not_verified_from_csv_or_progress,12,,0,12,,0
VNM.3_1,Bắc Giang,VNM.3.9_1,Yên Dũng,Huyện,False,pending,,not_in_supplied_log,,,,,not_verified_from_csv_or_progress,12,,0,12,,0
VNM.3_1,Bắc Giang,VNM.3.10_1,Yên Thế,Huyện,False,pending,,not_in_supplied_log,,,,,not_verified_from_csv_or_progress,12,,0,12,,0
VNM.4_1,Bắc Kạn,VNM.4.1_1,Bạch Thông,Huyện,False,pending,,not_in_supplied_log,,,,,not_verified_from_csv_or_progress,12,,0,12,,0
VNM.4_1,Bắc Kạn,VNM.4.2_1,Ba Bể,Huyện,False,pending,,not_in_supplied_log,,,,,not_verified_from_csv_or_progress,12,,0,12,,0
VNM.4_1,Bắc Kạn,VNM.4.3_1,Chợ Đồn,Huyện,False,pending,,not_in_supplied_log,,,,,not_verified_from_csv_or_progress,12,,0,12,,0
VNM.4_1,Bắc Kạn,VNM.4.4_1,Chợ Mới,Huyện,False,pending,,not_in_supplied_log,,,,,not_verified_from_csv_or_progress,11,2025-02,0,12,,0
VNM.4_1,Bắc Kạn,VNM.4.5_1,Na Rì,Huyện,False,pending,,not_in_supplied_log,,,,,not_verified_from_csv_or_progress,12,,0,12,,0
VNM.4_1,Bắc Kạn,VNM.4.6_1,Ngân Sơn,Huyện,False,pending,,not_in_supplied_log,,,,,not_verified_from_csv_or_progress,12,,0,12,,0
VNM.4_1,Bắc Kạn,VNM.4.7_1,Pác Nặm,Huyện,False,pending,,not_in_supplied_log,,,,,not_verified_from_csv_or_progress,12,,0,12,,0
VNM.4_1,Bắc Kạn,VNM.4.8_1,Thành Phố Bắc Kạn,Thành phố,False,pending,,not_in_supplied_log,,,,,not_verified_from_csv_or_progress,12,,0,12,,0
VNM.5_1,Bắc Ninh,VNM.5.1_1,Bắc Ninh,Thành phố,False,pending,,not_in_supplied_log,,,,,not_verified_from_csv_or_progress,12,,0,12,,0
VNM.5_1,Bắc Ninh,VNM.5.2_1,Gia Bình,Huyện,False,pending,,not_in_supplied_log,,,,,not_verified_from_csv_or_progress,12,,0,12,,0
VNM.5_1,Bắc Ninh,VNM.5.3_1,Lương Tài,Huyện,False,pending,,not_in_supplied_log,,,,,not_verified_from_csv_or_progress,12,,0,12,,0
VNM.5_1,Bắc Ninh,VNM.5.4_1,Quế Võ,Huyện,False,pending,,not_in_supplied_log,,,,,not_verified_from_csv_or_progress,12,,0,12,,0
VNM.5_1,Bắc Ninh,VNM.5.5_1,Từ Sơn,Thị xã,False,pending,,not_in_supplied_log,,,,,not_verified_from_csv_or_progress,12,,0,12,,0
VNM.5_1,Bắc Ninh,VNM.5.6_1,Thuận Thành,Huyện,False,pending,,not_in_supplied_log,,,,,not_verified_from_csv_or_progress,12,,0,12,,0
VNM.5_1,Bắc Ninh,VNM.5.7_1,Tiên Du,Huyện,False,pending,,not_in_supplied_log,,,,,not_verified_from_csv_or_progress,12,,0,12,,0
VNM.5_1,Bắc Ninh,VNM.5.8_1,Yên Phong,Huyện,False,pending,,not_in_supplied_log,,,,,not_verified_from_csv_or_progress,12,,0,12,,0
VNM.6_1,Bến Tre,VNM.6.1_1,Bến Tre,Thành phố,False,pending,,not_in_supplied_log,,,,,not_verified_from_csv_or_progress,12,,0,12,,0
VNM.6_1,Bến Tre,VNM.6.2_1,Ba Tri,Huyện,False,pending,,not_in_supplied_log,,,,,not_verified_from_csv_or_progress,12,,0,12,,0
VNM.6_1,Bến Tre,VNM.6.3_1,Bình Đại,Huyện,False,pending,,not_in_supplied_log,,,,,not_verified_from_csv_or_progress,12,,0,12,,0
VNM.6_1,Bến Tre,VNM.6.4_1,Chợ Lách,Huyện,False,pending,,not_in_supplied_log,,,,,not_verified_from_csv_or_progress,12,,0,12,,0
VNM.6_1,Bến Tre,VNM.6.5_1,Châu Thành,Huyện,False,pending,,not_in_supplied_log,,,,,not_verified_from_csv_or_progress,12,,0,12,,0
VNM.6_1,Bến Tre,VNM.6.6_1,Giồng Trôm,Huyện,False,pending,,not_in_supplied_log,,,,,not_verified_from_csv_or_progress,12,,0,12,,0
VNM.6_1,Bến Tre,VNM.6.7_1,Mỏ Cày Bắc,Huyện,False,pending,,not_in_supplied_log,,,,,not_verified_from_csv_or_progress,12,,0,12,,0
VNM.6_1,Bến Tre,VNM.6.8_1,Mỏ Cày Nam,Huyện,False,pending,,not_in_supplied_log,,,,,not_verified_from_csv_or_progress,12,,0,12,,0
VNM.6_1,Bến Tre,VNM.6.9_1,Thạnh Phú,Huyện,False,pending,,not_in_supplied_log,,,,,not_verified_from_csv_or_progress,12,,0,12,,0
VNM.7_1,Bà Rịa - Vũng Tàu,VNM.7.1_1,Bà Rịa,Thành phố,False,pending,,not_in_supplied_log,,,,,not_verified_from_csv_or_progress,12,,0,12,,0
VNM.7_1,Bà Rịa - Vũng Tàu,VNM.7.2_1,Châu Đức,Huyện,False,pending,,not_in_supplied_log,,,,,not_verified_from_csv_or_progress,12,,0,12,,0
VNM.7_1,Bà Rịa - Vũng Tàu,VNM.7.3_1,Đất Đỏ,Huyện,False,pending,,not_in_supplied_log,,,,,not_verified_from_csv_or_progress,12,,0,12,,0
VNM.7_1,Bà Rịa - Vũng Tàu,VNM.7.4_1,Long Điền,Huyện,False,pending,,not_in_supplied_log,,,,,not_verified_from_csv_or_progress,12,,0,12,,0
VNM.7_1,Bà Rịa - Vũng Tàu,VNM.7.5_1,Tân Thành,Huyện,False,pending,,not_in_supplied_log,,,,,not_verified_from_csv_or_progress,12,,0,12,,0
VNM.7_1,Bà Rịa - Vũng Tàu,VNM.7.6_1,Vũng Tàu,Thành phố,False,pending,,not_in_supplied_log,,,,,not_verified_from_csv_or_progress,12,,0,12,,0
VNM.7_1,Bà Rịa - Vũng Tàu,VNM.7.7_1,Xuyên Mộc,Huyện,False,pending,,not_in_supplied_log,,,,,not_verified_from_csv_or_progress,12,,0,12,,0
VNM.8_1,Bình Định,VNM.8.1_1,An Lão,Huyện,False,pending,,not_in_supplied_log,,,,,not_verified_from_csv_or_progress,12,,0,12,,0
VNM.8_1,Bình Định,VNM.8.2_1,An Nhơn,Thị xã,False,pending,,not_in_supplied_log,,,,,not_verified_from_csv_or_progress,12,,0,12,,0
VNM.8_1,Bình Định,VNM.8.3_1,Hoài Ân,Huyện,False,pending,,not_in_supplied_log,,,,,not_verified_from_csv_or_progress,12,,0,12,,0
VNM.8_1,Bình Định,VNM.8.4_1,Hoài Nhơn,Huyện,False,pending,,not_in_supplied_log,,,,,not_verified_from_csv_or_progress,12,,0,12,,0
VNM.8_1,Bình Định,VNM.8.5_1,Phù Cát,Huyện,False,pending,,not_in_supplied_log,,,,,not_verified_from_csv_or_progress,12,,0,12,,0
VNM.8_1,Bình Định,VNM.8.6_1,Phù Mỹ,Huyện,False,pending,,not_in_supplied_log,,,,,not_verified_from_csv_or_progress,12,,0,12,,0
VNM.8_1,Bình Định,VNM.8.7_1,Qui Nhơn,Thành phố,False,pending,,not_in_supplied_log,,,,,not_verified_from_csv_or_progress,12,,0,12,,0
VNM.8_1,Bình Định,VNM.8.8_1,Tây Sơn,Huyện,False,pending,,not_in_supplied_log,,,,,not_verified_from_csv_or_progress,12,,0,12,,0
VNM.8_1,Bình Định,VNM.8.9_1,Tuy Phước,Huyện,False,pending,,not_in_supplied_log,,,,,not_verified_from_csv_or_progress,12,,0,12,,0
VNM.8_1,Bình Định,VNM.8.10_1,Vân Canh,Huyện,False,pending,,not_in_supplied_log,,,,,not_verified_from_csv_or_progress,12,,0,12,,0
VNM.8_1,Bình Định,VNM.8.11_1,Vĩnh Thạnh,Huyện,False,pending,,not_in_supplied_log,,,,,not_verified_from_csv_or_progress,12,,0,12,,0
VNM.9_1,Bình Dương,VNM.9.1_1,Bắc Tân Uyên,Huyện,False,pending,,not_in_supplied_log,,,,,not_verified_from_csv_or_progress,12,,0,12,,0
VNM.9_1,Bình Dương,VNM.9.2_1,Bến Cát,Thị xã,False,pending,,not_in_supplied_log,,,,,not_verified_from_csv_or_progress,12,,0,12,,0
VNM.9_1,Bình Dương,VNM.9.3_1,Bàu Bàng,Huyện,False,pending,,not_in_supplied_log,,,,,not_verified_from_csv_or_progress,12,,0,12,,0
VNM.9_1,Bình Dương,VNM.9.4_1,Dầu Tiếng,Huyện,False,pending,,not_in_supplied_log,,,,,not_verified_from_csv_or_progress,12,,0,12,,0
VNM.9_1,Bình Dương,VNM.9.5_1,Dĩ An,Thị xã,False,pending,,not_in_supplied_log,,,,,not_verified_from_csv_or_progress,12,,0,12,,0
VNM.9_1,Bình Dương,VNM.9.6_1,Phú Giáo,Huyện,False,pending,,not_in_supplied_log,,,,,not_verified_from_csv_or_progress,12,,0,12,,0
VNM.9_1,Bình Dương,VNM.9.7_1,Tân Uyên,Thị xã,False,pending,,not_in_supplied_log,,,,,not_verified_from_csv_or_progress,12,,0,12,,0
VNM.9_1,Bình Dương,VNM.9.8_1,Thủ Dầu Một,Thành phố,False,pending,,not_in_supplied_log,,,,,not_verified_from_csv_or_progress,12,,0,12,,0
VNM.9_1,Bình Dương,VNM.9.9_1,Thuận An,Thị xã,False,pending,,not_in_supplied_log,,,,,not_verified_from_csv_or_progress,12,,0,12,,0
VNM.10_1,Bình Phước,VNM.10.1_1,Bình Long,Thị xã,False,pending,,not_in_supplied_log,,,,,not_verified_from_csv_or_progress,12,,0,12,,0
VNM.10_1,Bình Phước,VNM.10.2_1,Bù Đốp,Huyện,False,pending,,not_in_supplied_log,,,,,not_verified_from_csv_or_progress,12,,0,12,,0
VNM.10_1,Bình Phước,VNM.10.3_1,Bù Đăng,Huyện,False,pending,,not_in_supplied_log,,,,,not_verified_from_csv_or_progress,12,,0,12,,0
VNM.10_1,Bình Phước,VNM.10.4_1,Bù Gia Mập,Huyện,False,pending,,not_in_supplied_log,,,,,not_verified_from_csv_or_progress,12,,0,12,,0
VNM.10_1,Bình Phước,VNM.10.5_1,Chơn Thành,Huyện,False,pending,,not_in_supplied_log,,,,,not_verified_from_csv_or_progress,12,,0,12,,0
VNM.10_1,Bình Phước,VNM.10.6_1,Đồng Phú,Huyện,False,pending,,not_in_supplied_log,,,,,not_verified_from_csv_or_progress,12,,0,12,,0
VNM.10_1,Bình Phước,VNM.10.7_1,Đồng Xoài,Thị xã,False,pending,,not_in_supplied_log,,,,,not_verified_from_csv_or_progress,12,,0,12,,0
VNM.10_1,Bình Phước,VNM.10.8_1,Hớn Quản,Huyện,False,pending,,not_in_supplied_log,,,,,not_verified_from_csv_or_progress,12,,0,12,,0
VNM.10_1,Bình Phước,VNM.10.9_1,Lộc Ninh,Huyện,False,pending,,not_in_supplied_log,,,,,not_verified_from_csv_or_progress,12,,0,12,,0
VNM.10_1,Bình Phước,VNM.10.10_1,Phú Riềng,Huyện,False,pending,,not_in_supplied_log,,,,,not_verified_from_csv_or_progress,12,,0,12,,0
VNM.10_1,Bình Phước,VNM.10.11_1,Phước Long,Thị xã,False,pending,,not_in_supplied_log,,,,,not_verified_from_csv_or_progress,12,,0,12,,0
VNM.11_1,Bình Thuận,VNM.11.1_1,Bắc Bình,Huyện,False,pending,,not_in_supplied_log,,,,,not_verified_from_csv_or_progress,12,,0,12,,0
VNM.11_1,Bình Thuận,VNM.11.2_1,Đức Linh,Huyện,False,pending,,not_in_supplied_log,,,,,not_verified_from_csv_or_progress,12,,0,12,,0
VNM.11_1,Bình Thuận,VNM.11.3_1,Hàm Tân,Huyện,False,pending,,not_in_supplied_log,,,,,not_verified_from_csv_or_progress,12,,0,12,,0
VNM.11_1,Bình Thuận,VNM.11.4_1,Hàm Thuận Bắc,Huyện,False,pending,,not_in_supplied_log,,,,,not_verified_from_csv_or_progress,12,,0,12,,0
VNM.11_1,Bình Thuận,VNM.11.5_1,Hàm Thuận Nam,Huyện,False,pending,,not_in_supplied_log,,,,,not_verified_from_csv_or_progress,12,,0,12,,0
VNM.11_1,Bình Thuận,VNM.11.6_1,La Gi,Thị xã,False,pending,,not_in_supplied_log,,,,,not_verified_from_csv_or_progress,12,,0,12,,0
VNM.11_1,Bình Thuận,VNM.11.7_1,Phan Thiết,Thành phố,False,pending,,not_in_supplied_log,,,,,not_verified_from_csv_or_progress,12,,0,12,,0
VNM.11_1,Bình Thuận,VNM.11.8_1,Phú Quí,Huyện,False,pending,,not_in_supplied_log,,,,,not_verified_from_csv_or_progress,12,,0,12,,0
VNM.11_1,Bình Thuận,VNM.11.9_1,Tánh Linh,Huyện,False,pending,,not_in_supplied_log,,,,,not_verified_from_csv_or_progress,12,,0,12,,0
VNM.11_1,Bình Thuận,VNM.11.10_1,Tuy Phong,Huyện,False,pending,,not_in_supplied_log,,,,,not_verified_from_csv_or_progress,12,,0,12,,0
VNM.12_1,Cần Thơ,VNM.12.1_1,Bình Thuỷ,Quận,False,pending,,not_in_supplied_log,,,,,not_verified_from_csv_or_progress,12,,0,12,,0
VNM.12_1,Cần Thơ,VNM.12.2_1,Cờ Đỏ,Huyện,False,pending,,not_in_supplied_log,,,,,not_verified_from_csv_or_progress,12,,0,12,,0
VNM.12_1,Cần Thơ,VNM.12.3_1,Cái Răng,Quận,False,pending,,not_in_supplied_log,,,,,not_verified_from_csv_or_progress,12,,0,12,,0
VNM.12_1,Cần Thơ,VNM.12.4_1,Ninh Kiều,Quận,False,pending,,not_in_supplied_log,,,,,not_verified_from_csv_or_progress,12,,0,12,,0
VNM.12_1,Cần Thơ,VNM.12.5_1,Ô Môn,Quận,False,pending,,not_in_supplied_log,,,,,not_verified_from_csv_or_progress,12,,0,12,,0
VNM.12_1,Cần Thơ,VNM.12.6_1,Phong Điền,Huyện,False,pending,,not_in_supplied_log,,,,,not_verified_from_csv_or_progress,12,,0,12,,0
VNM.12_1,Cần Thơ,VNM.12.7_1,Thốt Nốt,Quận,False,pending,,not_in_supplied_log,,,,,not_verified_from_csv_or_progress,12,,0,12,,0
VNM.12_1,Cần Thơ,VNM.12.8_1,Thới Lai,Huyện,False,pending,,not_in_supplied_log,,,,,not_verified_from_csv_or_progress,12,,0,12,,0
VNM.12_1,Cần Thơ,VNM.12.9_1,Vĩnh Thạnh,Huyện,False,pending,,not_in_supplied_log,,,,,not_verified_from_csv_or_progress,12,,0,12,,0
VNM.13_1,Cà Mau,VNM.13.1_1,Cà Mau,Thành phố,False,pending,,not_in_supplied_log,,,,,not_verified_from_csv_or_progress,12,,0,12,,0
VNM.13_1,Cà Mau,VNM.13.2_1,Cái Nước,Huyện,False,pending,,not_in_supplied_log,,,,,not_verified_from_csv_or_progress,12,,0,12,,0
VNM.13_1,Cà Mau,VNM.13.3_1,Đầm Dơi,Huyện,False,pending,,not_in_supplied_log,,,,,not_verified_from_csv_or_progress,12,,0,12,,0
VNM.13_1,Cà Mau,VNM.13.4_1,Năm Căn,Huyện,False,pending,,not_in_supplied_log,,,,,not_verified_from_csv_or_progress,12,,0,12,,0
VNM.13_1,Cà Mau,VNM.13.5_1,Ngọc Hiển,Huyện,False,pending,,not_in_supplied_log,,,,,not_verified_from_csv_or_progress,12,,0,12,,0
VNM.13_1,Cà Mau,VNM.13.6_1,Phú Tân,Huyện,False,pending,,not_in_supplied_log,,,,,not_verified_from_csv_or_progress,12,,0,12,,0
VNM.13_1,Cà Mau,VNM.13.7_1,Thới Bình,Huyện,False,pending,,not_in_supplied_log,,,,,not_verified_from_csv_or_progress,12,,0,12,,0
VNM.13_1,Cà Mau,VNM.13.8_1,Trần Văn Thời,Huyện,False,pending,,not_in_supplied_log,,,,,not_verified_from_csv_or_progress,12,,0,12,,0
VNM.13_1,Cà Mau,VNM.13.9_1,U Minh,Huyện,False,pending,,not_in_supplied_log,,,,,not_verified_from_csv_or_progress,12,,0,12,,0
VNM.14_1,Cao Bằng,VNM.14.1_1,Bảo Lạc,Huyện,False,pending,,not_in_supplied_log,,,,,not_verified_from_csv_or_progress,12,,0,12,,0
VNM.14_1,Cao Bằng,VNM.14.2_1,Bảo Lâm,Huyện,False,pending,,not_in_supplied_log,,,,,not_verified_from_csv_or_progress,12,,0,12,,0
VNM.14_1,Cao Bằng,VNM.14.3_1,Cao Bằng,Thành phố,False,pending,,not_in_supplied_log,,,,,not_verified_from_csv_or_progress,12,,0,12,,0
VNM.14_1,Cao Bằng,VNM.14.4_1,Hạ Lang,Huyện,False,pending,,not_in_supplied_log,,,,,not_verified_from_csv_or_progress,12,,0,12,,0
VNM.14_1,Cao Bằng,VNM.14.5_1,Hà Quảng,Huyện,False,pending,,not_in_supplied_log,,,,,not_verified_from_csv_or_progress,12,,0,12,,0
VNM.14_1,Cao Bằng,VNM.14.6_1,Hoà An,Huyện,False,pending,,not_in_supplied_log,,,,,not_verified_from_csv_or_progress,12,,0,12,,0
VNM.14_1,Cao Bằng,VNM.14.7_1,Nguyên Bình,Huyện,False,pending,,not_in_supplied_log,,,,,not_verified_from_csv_or_progress,12,,0,12,,0
VNM.14_1,Cao Bằng,VNM.14.8_1,Phục Hoà,Huyện,False,pending,,not_in_supplied_log,,,,,not_verified_from_csv_or_progress,11,2025-02,0,12,,0
VNM.14_1,Cao Bằng,VNM.14.9_1,Quảng Uyên,Huyện,False,pending,,not_in_supplied_log,,,,,not_verified_from_csv_or_progress,12,,0,12,,0
VNM.14_1,Cao Bằng,VNM.14.10_1,Thạch An,Huyện,False,pending,,not_in_supplied_log,,,,,not_verified_from_csv_or_progress,12,,0,12,,0
VNM.14_1,Cao Bằng,VNM.14.11_1,Thông Nông,Huyện,False,pending,,not_in_supplied_log,,,,,not_verified_from_csv_or_progress,12,,0,12,,0
VNM.14_1,Cao Bằng,VNM.14.12_1,Trà Lĩnh,Huyện,False,pending,,not_in_supplied_log,,,,,not_verified_from_csv_or_progress,12,,0,12,,0
VNM.14_1,Cao Bằng,VNM.14.13_1,Trùng Khánh,Huyện,False,pending,,not_in_supplied_log,,,,,not_verified_from_csv_or_progress,12,,0,12,,0
VNM.15_1,Đắk Lắk,VNM.15.1_1,Buôn Đôn,Huyện,False,pending,,not_in_supplied_log,,,,,not_verified_from_csv_or_progress,12,,0,12,,0
VNM.15_1,Đắk Lắk,VNM.15.2_1,Buôn Ma Thuột,Thành phố,False,pending,,not_in_supplied_log,,,,,not_verified_from_csv_or_progress,12,,0,12,,0
VNM.15_1,Đắk Lắk,VNM.15.3_1,Cư Kuin,Huyện,False,pending,,not_in_supplied_log,,,,,not_verified_from_csv_or_progress,12,,0,12,,0
VNM.15_1,Đắk Lắk,VNM.15.4_1,Cư M'gar,Huyện,False,pending,,not_in_supplied_log,,,,,not_verified_from_csv_or_progress,12,,0,12,,0
VNM.15_1,Đắk Lắk,VNM.15.5_1,Ea H'leo,Huyện,False,pending,,not_in_supplied_log,,,,,not_verified_from_csv_or_progress,12,,0,12,,0
VNM.15_1,Đắk Lắk,VNM.15.6_1,Ea Kar,Huyện,False,pending,,not_in_supplied_log,,,,,not_verified_from_csv_or_progress,12,,0,12,,0
VNM.15_1,Đắk Lắk,VNM.15.7_1,Ea Súp,Huyện,False,pending,,not_in_supplied_log,,,,,not_verified_from_csv_or_progress,12,,0,12,,0
VNM.15_1,Đắk Lắk,VNM.15.8_1,Krông A Na,Huyện,False,pending,,not_in_supplied_log,,,,,not_verified_from_csv_or_progress,12,,0,12,,0
VNM.15_1,Đắk Lắk,VNM.15.9_1,Krông Bông,Huyện,False,pending,,not_in_supplied_log,,,,,not_verified_from_csv_or_progress,12,,0,12,,0
VNM.15_1,Đắk Lắk,VNM.15.10_1,Krông Búk,Huyện,False,pending,,not_in_supplied_log,,,,,not_verified_from_csv_or_progress,12,,0,12,,0
VNM.15_1,Đắk Lắk,VNM.15.11_1,Krông Năng,Huyện,False,pending,,not_in_supplied_log,,,,,not_verified_from_csv_or_progress,12,,0,12,,0
VNM.15_1,Đắk Lắk,VNM.15.12_1,Krông Pắc,Huyện,False,pending,,not_in_supplied_log,,,,,not_verified_from_csv_or_progress,12,,0,12,,0
VNM.15_1,Đắk Lắk,VNM.15.13_1,Lắk,Huyện,False,pending,,not_in_supplied_log,,,,,not_verified_from_csv_or_progress,12,,0,12,,0
VNM.15_1,Đắk Lắk,VNM.15.14_1,M'Đrắk,Huyện,False,pending,,not_in_supplied_log,,,,,not_verified_from_csv_or_progress,12,,0,12,,0
VNM.15_1,Đắk Lắk,VNM.15.15_1,Thị Xã Buôn Hồ,Thị xã,False,pending,,not_in_supplied_log,,,,,not_verified_from_csv_or_progress,12,,0,12,,0
VNM.16_1,Đắk Nông,VNM.16.1_1,Cư Jút,Huyện,False,pending,,not_in_supplied_log,,,,,not_verified_from_csv_or_progress,12,,0,12,,0
VNM.16_1,Đắk Nông,VNM.16.2_1,Đắk Mil,Huyện,False,pending,,not_in_supplied_log,,,,,not_verified_from_csv_or_progress,12,,0,12,,0
VNM.16_1,Đắk Nông,VNM.16.3_1,Đắk R'Lấp,Huyện,False,pending,,not_in_supplied_log,,,,,not_verified_from_csv_or_progress,12,,0,12,,0
VNM.16_1,Đắk Nông,VNM.16.4_1,Đắk Song,Huyện,False,pending,,not_in_supplied_log,,,,,not_verified_from_csv_or_progress,12,,0,12,,0
VNM.16_1,Đắk Nông,VNM.16.5_1,Đăk Glong,Huyện,False,pending,,not_in_supplied_log,,,,,not_verified_from_csv_or_progress,12,,0,12,,0
VNM.16_1,Đắk Nông,VNM.16.6_1,Gia Nghĩa,Thị xã,False,pending,,not_in_supplied_log,,,,,not_verified_from_csv_or_progress,12,,0,12,,0
VNM.16_1,Đắk Nông,VNM.16.7_1,Krông Nô,Huyện,False,pending,,not_in_supplied_log,,,,,not_verified_from_csv_or_progress,12,,0,12,,0
VNM.16_1,Đắk Nông,VNM.16.8_1,Tuy Đức,Huyện,False,pending,,not_in_supplied_log,,,,,not_verified_from_csv_or_progress,12,,0,12,,0
VNM.17_1,Đồng Nai,VNM.17.1_1,Biên Hòa,Thành phố,False,pending,,not_in_supplied_log,,,,,not_verified_from_csv_or_progress,12,,0,12,,0
VNM.17_1,Đồng Nai,VNM.17.2_1,Cẩm Mỹ,Huyện,False,pending,,not_in_supplied_log,,,,,not_verified_from_csv_or_progress,12,,0,12,,0
VNM.17_1,Đồng Nai,VNM.17.3_1,Định Quán,Huyện,False,pending,,not_in_supplied_log,,,,,not_verified_from_csv_or_progress,12,,0,12,,0
VNM.17_1,Đồng Nai,VNM.17.4_1,Long Khánh,Thị xã,False,pending,,not_in_supplied_log,,,,,not_verified_from_csv_or_progress,12,,0,12,,0
VNM.17_1,Đồng Nai,VNM.17.5_1,Long Thành,Huyện,False,pending,,not_in_supplied_log,,,,,not_verified_from_csv_or_progress,12,,0,12,,0
VNM.17_1,Đồng Nai,VNM.17.6_1,Nhơn Trạch,Huyện,False,pending,,not_in_supplied_log,,,,,not_verified_from_csv_or_progress,12,,0,12,,0
VNM.17_1,Đồng Nai,VNM.17.7_1,Tân Phú,Huyện,False,pending,,not_in_supplied_log,,,,,not_verified_from_csv_or_progress,12,,0,12,,0
VNM.17_1,Đồng Nai,VNM.17.8_1,Thống Nhất,Huyện,False,pending,,not_in_supplied_log,,,,,not_verified_from_csv_or_progress,12,,0,12,,0
VNM.17_1,Đồng Nai,VNM.17.9_1,Trảng Bom,Huyện,False,pending,,not_in_supplied_log,,,,,not_verified_from_csv_or_progress,12,,0,12,,0
VNM.17_1,Đồng Nai,VNM.17.10_1,Vĩnh Cửu,Huyện,False,pending,,not_in_supplied_log,,,,,not_verified_from_csv_or_progress,12,,0,12,,0
VNM.17_1,Đồng Nai,VNM.17.11_1,Xuân Lộc,Huyện,False,pending,,not_in_supplied_log,,,,,not_verified_from_csv_or_progress,12,,0,12,,0
VNM.18_1,Đồng Tháp,VNM.18.1_1,Cao Lãnh (Thành phố),Thành phố,False,pending,,not_in_supplied_log,,,,,not_verified_from_csv_or_progress,12,,0,12,,0
VNM.18_1,Đồng Tháp,VNM.18.2_1,Cao Lãnh,Huyện,False,pending,,not_in_supplied_log,,,,,not_verified_from_csv_or_progress,12,,0,12,,0
VNM.18_1,Đồng Tháp,VNM.18.3_1,Châu Thành,Huyện,False,pending,,not_in_supplied_log,,,,,not_verified_from_csv_or_progress,12,,0,12,,0
VNM.18_1,Đồng Tháp,VNM.18.4_1,Hồng Ngự (Thị xã),Thị xã,False,pending,,not_in_supplied_log,,,,,not_verified_from_csv_or_progress,12,,0,12,,0
VNM.18_1,Đồng Tháp,VNM.18.5_1,Hồng Ngự,Huyện,False,pending,,not_in_supplied_log,,,,,not_verified_from_csv_or_progress,12,,0,12,,0
VNM.18_1,Đồng Tháp,VNM.18.6_1,Lấp Vò,Huyện,False,pending,,not_in_supplied_log,,,,,not_verified_from_csv_or_progress,12,,0,12,,0
VNM.18_1,Đồng Tháp,VNM.18.7_1,Lai Vung,Huyện,False,pending,,not_in_supplied_log,,,,,not_verified_from_csv_or_progress,12,,0,12,,0
VNM.18_1,Đồng Tháp,VNM.18.8_1,Sa Đéc,Thành phố,False,pending,,not_in_supplied_log,,,,,not_verified_from_csv_or_progress,12,,0,12,,0
VNM.18_1,Đồng Tháp,VNM.18.9_1,Tam Nông,Huyện,False,pending,,not_in_supplied_log,,,,,not_verified_from_csv_or_progress,12,,0,12,,0
VNM.18_1,Đồng Tháp,VNM.18.10_1,Tân Hồng,Huyện,False,pending,,not_in_supplied_log,,,,,not_verified_from_csv_or_progress,12,,0,12,,0
VNM.18_1,Đồng Tháp,VNM.18.11_1,Thanh Bình,Huyện,False,pending,,not_in_supplied_log,,,,,not_verified_from_csv_or_progress,12,,0,12,,0
VNM.18_1,Đồng Tháp,VNM.18.12_1,Tháp Mười,Huyện,False,pending,,not_in_supplied_log,,,,,not_verified_from_csv_or_progress,12,,0,12,,0
VNM.19_1,Đà Nẵng,VNM.19.1_1,Cẩm Lệ,Quận,False,pending,,not_in_supplied_log,,,,,not_verified_from_csv_or_progress,12,,0,12,,0
VNM.19_1,Đà Nẵng,VNM.19.2_1,Hải Châu,Quận,False,pending,,not_in_supplied_log,,,,,not_verified_from_csv_or_progress,12,,0,12,,0
VNM.19_1,Đà Nẵng,VNM.19.3_1,Hòa Vang,Huyện,False,pending,,not_in_supplied_log,,,,,not_verified_from_csv_or_progress,12,,0,12,,0
VNM.19_1,Đà Nẵng,VNM.19.4_1,Liên Chiểu,Quận,False,pending,,not_in_supplied_log,,,,,not_verified_from_csv_or_progress,12,,0,12,,0
VNM.19_1,Đà Nẵng,VNM.19.5_1,Ngũ Hành Sơn,Quận,False,pending,,not_in_supplied_log,,,,,not_verified_from_csv_or_progress,12,,0,12,,0
VNM.19_1,Đà Nẵng,VNM.19.6_1,Sơn Trà,Quận,False,pending,,not_in_supplied_log,,,,,not_verified_from_csv_or_progress,12,,0,12,,0
VNM.19_1,Đà Nẵng,VNM.19.7_1,Thanh Khê,Quận,False,pending,,not_in_supplied_log,,,,,not_verified_from_csv_or_progress,12,,0,12,,0
VNM.20_1,Điện Biên,VNM.20.1_1,Điện Biên Đông,Huyện,False,pending,,not_in_supplied_log,,,,,not_verified_from_csv_or_progress,12,,0,12,,0
VNM.20_1,Điện Biên,VNM.20.2_1,Điện Biên Phủ,Thành phố,False,pending,,not_in_supplied_log,,,,,not_verified_from_csv_or_progress,12,,0,12,,0
VNM.20_1,Điện Biên,VNM.20.3_1,Điện Biên,Huyện,False,pending,2026-10-09 19:29:13,done,ok,12,12,ok,not_verified_from_csv_or_progress,12,,9,12,,8
VNM.20_1,Điện Biên,VNM.20.4_1,Mường Ảng,Huyện,False,pending,,not_in_supplied_log,,,,,not_verified_from_csv_or_progress,12,,0,12,,0
VNM.20_1,Điện Biên,VNM.20.5_1,Mường Chà,Huyện,False,pending,2026-10-09 19:28:03,done,ok,12,12,ok,not_verified_from_csv_or_progress,12,,12,12,,12
VNM.20_1,Điện Biên,VNM.20.6_1,Mường Nhé,Huyện,False,pending,2026-10-09 19:33:00,done,ok,12,12,ok,not_verified_from_csv_or_progress,12,,12,12,,12
VNM.20_1,Điện Biên,VNM.20.7_1,Nậm Pồ,Huyện,False,pending,2026-10-09 19:32:13,done,ok,12,12,ok,not_verified_from_csv_or_progress,12,,12,12,,12
VNM.20_1,Điện Biên,VNM.20.8_1,Tủa Chùa,Huyện,False,pending,2026-10-09 19:32:59,done,ok,12,12,ok,not_verified_from_csv_or_progress,12,,12,12,,12
VNM.20_1,Điện Biên,VNM.20.9_1,Thị Xã Mường Lay,Thị xã,False,pending,2026-10-09 19:33:21,done,ok,12,12,ok,not_verified_from_csv_or_progress,12,,12,12,,12
VNM.20_1,Điện Biên,VNM.20.10_1,Tuần Giáo,Huyện,False,pending,2026-10-09 19:35:04,done,ok,12,12,ok,not_verified_from_csv_or_progress,12,,12,12,,12
VNM.21_1,Gia Lai,VNM.21.1_1,An Khê,Thị xã,False,pending,2026-10-09 19:33:45,done,ok,12,12,ok,not_verified_from_csv_or_progress,12,,12,12,,12
VNM.21_1,Gia Lai,VNM.21.2_1,Ayun Pa,Thị xã,False,pending,2026-10-09 19:34:58,done,ok,12,12,ok,not_verified_from_csv_or_progress,12,,12,12,,12
VNM.21_1,Gia Lai,VNM.21.3_1,Chư Păh,Huyện,False,pending,2026-10-09 19:37:08,done,ok,12,12,ok,not_verified_from_csv_or_progress,12,,12,12,,12
VNM.21_1,Gia Lai,VNM.21.4_1,Chư Prông,Huyện,False,pending,2026-10-09 19:38:10,done,ok,12,12,ok,not_verified_from_csv_or_progress,12,,12,12,,12
VNM.21_1,Gia Lai,VNM.21.5_1,Chư Pưh,Huyện,False,pending,2026-10-09 19:37:47,done,ok,12,12,ok,not_verified_from_csv_or_progress,12,,12,12,,12
VNM.21_1,Gia Lai,VNM.21.6_1,Chư Sê,Huyện,False,pending,2026-10-09 19:38:42,done,ok,12,12,ok,not_verified_from_csv_or_progress,12,,12,12,,12
VNM.21_1,Gia Lai,VNM.21.7_1,Đức Cơ,Huyện,False,pending,2026-10-09 19:38:59,done,ok,12,12,ok,not_verified_from_csv_or_progress,12,,12,12,,12
VNM.21_1,Gia Lai,VNM.21.8_1,Đăk Đoa,Huyện,False,pending,2026-10-09 19:40:05,done,ok,12,12,ok,not_verified_from_csv_or_progress,12,,12,12,,12
VNM.21_1,Gia Lai,VNM.21.9_1,Đăk Pơ,Huyện,False,pending,2026-10-09 19:40:01,done,ok,12,12,ok,not_verified_from_csv_or_progress,12,,12,12,,12
VNM.21_1,Gia Lai,VNM.21.10_1,Ia Grai,Huyện,False,pending,2026-10-09 19:41:14,done,ok,12,12,ok,not_verified_from_csv_or_progress,12,,12,12,,12
VNM.21_1,Gia Lai,VNM.21.11_1,Ia Pa,Huyện,False,pending,2026-10-09 19:41:59,done,ok,12,12,ok,not_verified_from_csv_or_progress,12,,12,12,,12
VNM.21_1,Gia Lai,VNM.21.12_1,KBang,Huyện,False,pending,2026-10-09 19:44:23,done,ok,12,12,ok,not_verified_from_csv_or_progress,12,,12,12,,12
VNM.21_1,Gia Lai,VNM.21.13_1,Kông Chro,Huyện,False,pending,2026-10-09 19:44:11,done,ok,12,12,ok,not_verified_from_csv_or_progress,12,,12,12,,12
VNM.21_1,Gia Lai,VNM.21.14_1,Krông Pa,Huyện,False,pending,2026-10-09 19:46:23,done,ok,12,12,ok,not_verified_from_csv_or_progress,12,,12,12,,12
VNM.21_1,Gia Lai,VNM.21.15_1,Mang Yang,Huyện,False,pending,2026-10-09 19:46:01,done,ok,12,12,ok,not_verified_from_csv_or_progress,12,,12,12,,12
VNM.21_1,Gia Lai,VNM.21.16_1,Phú Thiện,Huyện,False,pending,2026-10-09 19:46:54,done,ok,12,12,ok,not_verified_from_csv_or_progress,12,,12,12,,12
VNM.21_1,Gia Lai,VNM.21.17_1,Pleiku,Thành phố,False,pending,2026-10-09 19:46:57,done,ok,12,12,ok,not_verified_from_csv_or_progress,12,,12,12,,12
VNM.22_1,Hải Dương,VNM.22.1_1,Bình Giang,Huyện,False,pending,2026-10-09 19:47:46,done,ok,12,12,ok,not_verified_from_csv_or_progress,12,,12,12,,12
VNM.22_1,Hải Dương,VNM.22.2_1,Cẩm Giàng,Huyện,False,pending,2026-10-09 19:47:53,done,ok,12,12,ok,not_verified_from_csv_or_progress,12,,12,12,,12
VNM.22_1,Hải Dương,VNM.22.3_1,Chí Linh,Thị xã,False,pending,2026-10-09 19:49:09,done,ok,12,12,ok,not_verified_from_csv_or_progress,12,,12,12,,12
VNM.22_1,Hải Dương,VNM.22.4_1,Gia Lộc,Huyện,False,pending,2026-10-09 19:48:13,done,ok,12,12,ok,not_verified_from_csv_or_progress,12,,12,12,,12
VNM.22_1,Hải Dương,VNM.22.5_1,Hải Dương,Thành phố,False,pending,2026-10-09 19:49:20,done,ok,12,12,ok,not_verified_from_csv_or_progress,12,,12,12,,12
VNM.22_1,Hải Dương,VNM.22.6_1,Kim Thành,Huyện,False,pending,2026-10-09 19:49:43,done,ok,12,12,ok,not_verified_from_csv_or_progress,12,,12,12,,12
VNM.22_1,Hải Dương,VNM.22.7_1,Kinh Môn,Huyện,False,pending,2026-10-09 19:49:43,done,ok,12,12,ok,not_verified_from_csv_or_progress,12,,12,12,,12
VNM.22_1,Hải Dương,VNM.22.8_1,Nam Sách,Huyện,False,pending,2026-10-09 19:50:03,done,ok,12,12,ok,not_verified_from_csv_or_progress,12,,12,12,,12
VNM.22_1,Hải Dương,VNM.22.9_1,Ninh Giang,Huyện,False,pending,2026-10-09 19:50:05,done,ok,12,12,ok,not_verified_from_csv_or_progress,12,,12,12,,12
VNM.22_1,Hải Dương,VNM.22.10_1,Tứ Kỳ,Huyện,False,pending,2026-10-09 19:50:33,done,ok,12,12,ok,not_verified_from_csv_or_progress,12,,12,12,,12
VNM.22_1,Hải Dương,VNM.22.11_1,Thanh Hà,Huyện,False,pending,2026-10-09 19:50:32,done,ok,12,12,ok,not_verified_from_csv_or_progress,12,,12,12,,12
VNM.22_1,Hải Dương,VNM.22.12_1,Thanh Miện,Huyện,False,pending,2026-10-09 19:51:00,done,ok,12,12,ok,not_verified_from_csv_or_progress,12,,12,12,,12
VNM.23_1,Hải Phòng,VNM.23.1_1,An Dương,Huyện,False,pending,2026-10-09 19:50:56,done,ok,12,12,ok,not_verified_from_csv_or_progress,12,,12,12,,12
VNM.23_1,Hải Phòng,VNM.23.2_1,An Lão,Huyện,False,pending,2026-10-09 19:51:56,done,ok,12,12,ok,not_verified_from_csv_or_progress,12,,12,12,,12
VNM.23_1,Hải Phòng,VNM.23.3_1,Bạch Long Vĩ,Huyện,False,pending,2026-10-09 19:51:45,done,ok,12,12,ok,not_verified_from_csv_or_progress,12,,12,12,,12
VNM.23_1,Hải Phòng,VNM.23.4_1,Cát Hải,Huyện,False,pending,2026-10-09 19:52:41,done,ok,12,12,ok,not_verified_from_csv_or_progress,12,,12,12,,12
VNM.23_1,Hải Phòng,VNM.23.5_1,Đồ Sơn,Quận,False,pending,2026-10-09 19:52:11,partial,missing,12,12,ok,not_verified_from_csv_or_progress,11,2024-07,12,12,,12
VNM.23_1,Hải Phòng,VNM.23.6_1,Dương Kinh,Quận,False,pending,2026-10-09 19:52:27,done,ok,12,12,ok,not_verified_from_csv_or_progress,12,,12,12,,12
VNM.23_1,Hải Phòng,VNM.23.7_1,Hải An,Quận,False,pending,2026-10-09 19:52:41,done,ok,12,12,ok,not_verified_from_csv_or_progress,12,,12,12,,12
VNM.23_1,Hải Phòng,VNM.23.8_1,Hồng Bàng,Quận,False,pending,2026-10-09 19:52:54,done,ok,12,12,ok,not_verified_from_csv_or_progress,12,,12,12,,12
VNM.23_1,Hải Phòng,VNM.23.9_1,Kiến An,Quận,False,pending,2026-10-09 19:52:57,done,ok,12,12,ok,not_verified_from_csv_or_progress,12,,12,12,,12
VNM.23_1,Hải Phòng,VNM.23.10_1,Kiến Thuỵ,Huyện,False,pending,2026-10-09 19:53:12,done,ok,12,12,ok,not_verified_from_csv_or_progress,12,,12,12,,12
VNM.23_1,Hải Phòng,VNM.23.11_1,Lê Chân,Quận,False,pending,2026-10-09 19:53:08,partial,missing,12,12,ok,not_verified_from_csv_or_progress,11,2024-07,12,12,,12
VNM.23_1,Hải Phòng,VNM.23.12_1,Ngô Quyền,Quận,False,pending,2026-10-09 19:53:19,done,ok,12,12,ok,not_verified_from_csv_or_progress,12,,12,12,,12
VNM.23_1,Hải Phòng,VNM.23.13_1,Thuỷ Nguyên,Huyện,False,pending,2026-10-09 19:53:36,done,ok,12,12,ok,not_verified_from_csv_or_progress,12,,12,12,,12
VNM.23_1,Hải Phòng,VNM.23.14_1,Tiên Lãng,Huyện,False,pending,2026-10-09 19:54:42,done,ok,12,12,ok,not_verified_from_csv_or_progress,12,,12,12,,12
VNM.23_1,Hải Phòng,VNM.23.15_1,Vĩnh Bảo,Huyện,False,pending,2026-10-09 19:54:54,done,ok,12,12,ok,not_verified_from_csv_or_progress,12,,12,12,,12
VNM.24_1,Hậu Giang,VNM.24.1_1,Châu Thành A,Huyện,False,pending,2026-10-09 19:55:02,done,ok,12,12,ok,not_verified_from_csv_or_progress,12,,12,12,,12
VNM.24_1,Hậu Giang,VNM.24.2_1,Châu Thành,Huyện,False,pending,2026-10-09 19:55:18,done,ok,12,12,ok,not_verified_from_csv_or_progress,12,,12,12,,12
VNM.24_1,Hậu Giang,VNM.24.3_1,Long Mỹ (Thị xã),Thị xã,False,pending,2026-10-09 19:55:25,done,ok,12,12,ok,not_verified_from_csv_or_progress,12,,12,12,,12
VNM.24_1,Hậu Giang,VNM.24.4_1,Long Mỹ,Huyện,False,pending,2026-10-09 19:55:42,done,ok,12,12,ok,not_verified_from_csv_or_progress,12,,12,12,,12
VNM.24_1,Hậu Giang,VNM.24.5_1,Ngã Bảy,Thị xã,False,pending,2026-10-09 19:55:40,done,ok,12,12,ok,not_verified_from_csv_or_progress,12,,12,12,,12
VNM.24_1,Hậu Giang,VNM.24.6_1,Phụng Hiệp,Huyện,False,pending,2026-10-09 19:56:16,done,ok,12,12,ok,not_verified_from_csv_or_progress,12,,12,12,,12
VNM.24_1,Hậu Giang,VNM.24.7_1,Vị Thanh,Thành phố,False,pending,2026-10-09 19:56:03,done,ok,12,12,ok,not_verified_from_csv_or_progress,12,,12,12,,12
VNM.24_1,Hậu Giang,VNM.24.8_1,Vị Thuỷ,Huyện,False,pending,2026-10-09 19:56:28,done,ok,12,12,ok,not_verified_from_csv_or_progress,12,,12,12,,12
VNM.25_1,Hồ Chí Minh,VNM.25.1_1,Bình Chánh,Huyện,False,pending,2026-10-09 19:57:27,done,ok,12,12,ok,not_verified_from_csv_or_progress,12,,12,12,,12
VNM.25_1,Hồ Chí Minh,VNM.25.2_1,Bình Tân,Quận,False,pending,2026-10-09 19:57:19,done,ok,12,12,ok,not_verified_from_csv_or_progress,12,,12,12,,12
VNM.25_1,Hồ Chí Minh,VNM.25.3_1,Bình Thạnh,Quận,False,pending,2026-10-09 19:57:34,done,ok,12,12,ok,not_verified_from_csv_or_progress,12,,12,12,,12
VNM.25_1,Hồ Chí Minh,VNM.25.4_1,Cần Giờ,Huyện,False,pending,2026-10-09 19:58:19,done,ok,12,12,ok,not_verified_from_csv_or_progress,12,,12,12,,12
VNM.25_1,Hồ Chí Minh,VNM.25.5_1,Củ Chi,Huyện,False,pending,2026-10-09 19:58:14,done,ok,12,12,ok,not_verified_from_csv_or_progress,12,,12,12,,12
VNM.25_1,Hồ Chí Minh,VNM.25.6_1,Gò Vấp,Quận,False,pending,2026-10-09 19:58:27,done,ok,12,12,ok,not_verified_from_csv_or_progress,12,,12,12,,12
VNM.25_1,Hồ Chí Minh,VNM.25.7_1,Hóc Môn,Huyện,False,pending,2026-10-09 19:58:41,done,ok,12,12,ok,not_verified_from_csv_or_progress,12,,12,12,,12
VNM.25_1,Hồ Chí Minh,VNM.25.8_1,Nhà Bè,Huyện,False,pending,2026-10-09 19:58:45,done,ok,12,12,ok,not_verified_from_csv_or_progress,12,,12,12,,12
VNM.25_1,Hồ Chí Minh,VNM.25.9_1,Phú Nhuận,Quận,False,pending,2026-10-09 19:58:52,done,ok,12,12,ok,not_verified_from_csv_or_progress,12,,12,12,,12
VNM.25_1,Hồ Chí Minh,VNM.25.10_1,Quận 10,Quận,False,pending,2026-10-09 19:58:57,done,ok,12,12,ok,not_verified_from_csv_or_progress,12,,12,12,,12
VNM.25_1,Hồ Chí Minh,VNM.25.11_1,Quận 11,Quận,False,pending,2026-10-09 19:59:37,done,ok,12,12,ok,not_verified_from_csv_or_progress,12,,12,12,,12
VNM.25_1,Hồ Chí Minh,VNM.25.12_1,Quận 12,Quận,False,pending,2026-10-09 19:59:45,done,ok,12,12,ok,not_verified_from_csv_or_progress,12,,12,12,,12
VNM.25_1,Hồ Chí Minh,VNM.25.13_1,Quận 1,Quận,False,pending,2026-10-09 19:59:50,done,ok,12,12,ok,not_verified_from_csv_or_progress,12,,12,12,,12
VNM.25_1,Hồ Chí Minh,VNM.25.14_1,Quận 2,Quận,False,pending,2026-10-09 20:00:02,done,ok,12,12,ok,not_verified_from_csv_or_progress,12,,12,12,,12
VNM.25_1,Hồ Chí Minh,VNM.25.15_1,Quận 3,Quận,False,pending,2026-10-09 20:00:02,done,ok,12,12,ok,not_verified_from_csv_or_progress,12,,12,12,,12
VNM.25_1,Hồ Chí Minh,VNM.25.16_1,Quận 4,Quận,False,pending,2026-10-09 20:00:16,done,ok,12,12,ok,not_verified_from_csv_or_progress,12,,12,12,,12
VNM.25_1,Hồ Chí Minh,VNM.25.17_1,Quận 5,Quận,False,pending,2026-10-09 20:00:15,done,ok,12,12,ok,not_verified_from_csv_or_progress,12,,12,12,,12
VNM.25_1,Hồ Chí Minh,VNM.25.18_1,Quận 6,Quận,False,pending,2026-10-09 20:00:25,done,ok,12,12,ok,not_verified_from_csv_or_progress,12,,12,12,,12
VNM.25_1,Hồ Chí Minh,VNM.25.19_1,Quận 7,Quận,False,pending,2026-10-09 20:00:31,done,ok,12,12,ok,not_verified_from_csv_or_progress,12,,12,12,,12
VNM.25_1,Hồ Chí Minh,VNM.25.20_1,Quận 8,Quận,False,pending,2026-10-09 20:00:39,done,ok,12,12,ok,not_verified_from_csv_or_progress,12,,12,12,,12
VNM.25_1,Hồ Chí Minh,VNM.25.21_1,Quận 9,Quận,False,pending,2026-10-09 20:01:23,done,ok,12,12,ok,not_verified_from_csv_or_progress,12,,12,12,,12
VNM.25_1,Hồ Chí Minh,VNM.25.22_1,Tân Bình,Quận,False,pending,2026-10-09 20:01:25,done,ok,12,12,ok,not_verified_from_csv_or_progress,12,,12,12,,12
VNM.25_1,Hồ Chí Minh,VNM.25.23_1,Tân Phú,Quận,False,pending,2026-10-09 20:01:36,done,ok,12,12,ok,not_verified_from_csv_or_progress,12,,12,12,,12
VNM.25_1,Hồ Chí Minh,VNM.25.24_1,Thủ Đức,Quận,False,pending,2026-10-09 20:01:42,done,ok,12,12,ok,not_verified_from_csv_or_progress,12,,12,12,,12
VNM.26_1,Hà Giang,VNM.26.1_1,Bắc Mê,Huyện,False,pending,2026-10-09 20:03:13,done,ok,12,12,ok,not_verified_from_csv_or_progress,12,,12,12,,12
VNM.26_1,Hà Giang,VNM.26.2_1,Bắc Quang,Huyện,False,pending,2026-10-09 20:03:38,done,ok,12,12,ok,not_verified_from_csv_or_progress,12,,12,12,,12
VNM.26_1,Hà Giang,VNM.26.3_1,Đồng Văn,Huyện,False,pending,2026-10-09 20:04:03,done,ok,12,12,ok,not_verified_from_csv_or_progress,12,,12,12,,12
VNM.26_1,Hà Giang,VNM.26.4_1,Hà Giang,Thành phố,False,pending,2026-10-09 20:03:59,done,ok,12,12,ok,not_verified_from_csv_or_progress,12,,12,12,,12
VNM.26_1,Hà Giang,VNM.26.5_1,Hoàng Su Phì,Huyện,False,pending,2026-10-09 20:05:01,done,ok,12,12,ok,not_verified_from_csv_or_progress,12,,12,12,,12
VNM.26_1,Hà Giang,VNM.26.6_1,Mèo Vạc,Huyện,False,pending,2026-10-09 20:04:52,done,ok,12,12,ok,not_verified_from_csv_or_progress,12,,12,12,,12
VNM.26_1,Hà Giang,VNM.26.7_1,Quản Bạ,Huyện,False,pending,2026-10-09 20:06:07,done,ok,12,12,ok,not_verified_from_csv_or_progress,12,,12,12,,12
VNM.26_1,Hà Giang,VNM.26.8_1,Quang Bình,Huyện,False,pending,2026-10-09 20:06:28,done,ok,12,12,ok,not_verified_from_csv_or_progress,12,,12,12,,12
VNM.26_1,Hà Giang,VNM.26.9_1,Vị Xuyên,Huyện,False,pending,2026-10-09 20:08:10,done,ok,12,12,ok,not_verified_from_csv_or_progress,12,,12,12,,12
VNM.26_1,Hà Giang,VNM.26.10_1,Xín Mần,Huyện,False,pending,2026-10-09 20:07:28,done,ok,12,12,ok,not_verified_from_csv_or_progress,12,,12,12,,12
VNM.26_1,Hà Giang,VNM.26.11_1,Yên Minh,Huyện,False,pending,2026-10-09 20:08:41,done,ok,12,12,ok,not_verified_from_csv_or_progress,12,,12,12,,12
VNM.27_1,Hà Nội,VNM.27.1_1,Ứng Hòa,Huyện,False,pending,2026-10-09 20:09:16,done,ok,12,12,ok,not_verified_from_csv_or_progress,12,,12,12,,12
VNM.27_1,Hà Nội,VNM.27.2_1,Bắc Từ Liêm,Quận,False,pending,2026-10-09 20:09:29,done,ok,12,12,ok,not_verified_from_csv_or_progress,12,,12,12,,12
VNM.27_1,Hà Nội,VNM.27.3_1,Ba Đình,Quận,False,pending,2026-10-09 20:09:30,done,ok,12,12,ok,not_verified_from_csv_or_progress,12,,12,12,,12
VNM.27_1,Hà Nội,VNM.27.4_1,Ba Vì,Huyện,False,pending,2026-10-09 20:10:03,done,ok,12,12,ok,not_verified_from_csv_or_progress,12,,12,12,,12
VNM.27_1,Hà Nội,VNM.27.5_1,Cầu Giấy,Quận,False,pending,2026-10-09 20:09:45,done,ok,12,12,ok,not_verified_from_csv_or_progress,12,,12,12,,12
VNM.27_1,Hà Nội,VNM.27.6_1,Chương Mỹ,Huyện,False,pending,2026-10-09 20:10:43,done,ok,12,12,ok,not_verified_from_csv_or_progress,12,,12,12,,12
VNM.27_1,Hà Nội,VNM.27.7_1,Đống Đa,Quận,False,pending,2026-10-09 20:10:48,done,ok,12,12,ok,not_verified_from_csv_or_progress,12,,12,12,,12
VNM.27_1,Hà Nội,VNM.27.8_1,Đan Phượng,Huyện,False,pending,2026-10-09 20:11:02,done,ok,12,12,ok,not_verified_from_csv_or_progress,12,,12,12,,12
VNM.27_1,Hà Nội,VNM.27.9_1,Đông Anh,Huyện,False,pending,2026-10-09 20:11:10,done,ok,12,12,ok,not_verified_from_csv_or_progress,12,,12,12,,12
VNM.27_1,Hà Nội,VNM.27.10_1,Gia Lâm,Huyện,False,pending,2026-10-09 20:11:28,done,ok,12,12,ok,not_verified_from_csv_or_progress,12,,12,12,,12
VNM.27_1,Hà Nội,VNM.27.11_1,Hà Đông,Quận,False,pending,2026-10-09 20:11:27,done,ok,12,12,ok,not_verified_from_csv_or_progress,12,,12,12,,12
VNM.27_1,Hà Nội,VNM.27.12_1,Hai Bà Trưng,Quận,False,pending,2026-10-09 20:11:40,done,ok,12,12,ok,not_verified_from_csv_or_progress,12,,12,12,,12
VNM.27_1,Hà Nội,VNM.27.13_1,Hoài Đức,Huyện,False,pending,2026-10-09 20:11:48,done,ok,12,12,ok,not_verified_from_csv_or_progress,12,,12,12,,12
VNM.27_1,Hà Nội,VNM.27.14_1,Hoàn Kiếm,Quận,False,pending,2026-10-09 20:11:53,done,ok,12,12,ok,not_verified_from_csv_or_progress,12,,12,12,,12
VNM.27_1,Hà Nội,VNM.27.15_1,Hoàng Mai,Quận,False,pending,2026-10-09 20:12:02,done,ok,12,12,ok,not_verified_from_csv_or_progress,12,,12,12,,12
VNM.27_1,Hà Nội,VNM.27.16_1,Long Biên,Quận,False,pending,2026-10-09 20:12:40,done,ok,12,12,ok,not_verified_from_csv_or_progress,12,,12,12,,12
VNM.27_1,Hà Nội,VNM.27.17_1,Mỹ Đức,Huyện,False,pending,2026-10-09 20:13:05,done,ok,12,12,ok,not_verified_from_csv_or_progress,12,,12,12,,12
VNM.27_1,Hà Nội,VNM.27.18_1,Mê Linh,Huyện,False,pending,2026-10-09 20:12:58,done,ok,12,12,ok,not_verified_from_csv_or_progress,12,,12,12,,12
VNM.27_1,Hà Nội,VNM.27.19_1,Nam Từ Liêm,Quận,False,pending,2026-10-09 20:13:14,done,ok,12,12,ok,not_verified_from_csv_or_progress,12,,12,12,,12
VNM.27_1,Hà Nội,VNM.27.20_1,Phú Xuyên,Huyện,False,pending,2026-10-09 20:13:35,done,ok,12,12,ok,not_verified_from_csv_or_progress,12,,12,12,,12
VNM.27_1,Hà Nội,VNM.27.21_1,Phúc Thọ,Huyện,False,pending,2026-10-09 20:13:32,done,ok,12,12,ok,not_verified_from_csv_or_progress,12,,12,12,,12
VNM.27_1,Hà Nội,VNM.27.22_1,Quốc Oai,Huyện,False,pending,2026-10-09 20:13:56,done,ok,12,12,ok,not_verified_from_csv_or_progress,12,,12,12,,12
VNM.27_1,Hà Nội,VNM.27.23_1,Sóc Sơn,Huyện,False,pending,2026-10-09 20:13:59,done,ok,12,12,ok,not_verified_from_csv_or_progress,12,,12,12,,12
VNM.27_1,Hà Nội,VNM.27.24_1,Sơn Tây,Thị xã,False,pending,2026-10-09 20:14:14,done,ok,12,12,ok,not_verified_from_csv_or_progress,12,,12,12,,12
VNM.27_1,Hà Nội,VNM.27.25_1,Tây Hồ,Quận,False,pending,2026-10-09 20:14:12,done,ok,12,12,ok,not_verified_from_csv_or_progress,12,,12,12,,12
VNM.27_1,Hà Nội,VNM.27.26_1,Thạch Thất,Huyện,False,pending,2026-10-09 20:15:08,done,ok,12,12,ok,not_verified_from_csv_or_progress,12,,12,12,,12
VNM.27_1,Hà Nội,VNM.27.27_1,Thanh Oai,Huyện,False,pending,2026-10-09 20:15:07,done,ok,12,12,ok,not_verified_from_csv_or_progress,12,,12,12,,12
VNM.27_1,Hà Nội,VNM.27.28_1,Thanh Trì,Huyện,False,pending,2026-10-09 20:15:24,done,ok,12,12,ok,not_verified_from_csv_or_progress,12,,12,12,,12
VNM.27_1,Hà Nội,VNM.27.29_1,Thanh Xuân,Quận,False,pending,2026-10-09 20:15:19,done,ok,12,12,ok,not_verified_from_csv_or_progress,12,,12,12,,12
VNM.27_1,Hà Nội,VNM.27.30_1,Thường Tín,Huyện,False,pending,2026-10-09 20:15:47,done,ok,12,12,ok,not_verified_from_csv_or_progress,12,,12,12,,12
VNM.28_1,Hà Nam,VNM.28.1_1,Bình Lục,Huyện,False,pending,2026-10-09 20:16:25,done,ok,12,12,ok,not_verified_from_csv_or_progress,12,,12,12,,12
VNM.28_1,Hà Nam,VNM.28.2_1,Duy Tiên,Huyện,False,pending,2026-10-09 20:16:44,done,ok,12,12,ok,not_verified_from_csv_or_progress,12,,12,12,,12
VNM.28_1,Hà Nam,VNM.28.3_1,Kim Bảng,Huyện,False,pending,2026-10-09 20:16:47,done,ok,12,12,ok,not_verified_from_csv_or_progress,12,,12,12,,12
VNM.28_1,Hà Nam,VNM.28.4_1,Lý Nhân,Huyện,False,pending,2026-10-09 20:17:19,done,ok,12,12,ok,not_verified_from_csv_or_progress,12,,12,12,,12
VNM.28_1,Hà Nam,VNM.28.5_1,Phủ Lý,Thành phố,False,pending,2026-10-09 20:17:04,done,ok,12,12,ok,not_verified_from_csv_or_progress,12,,12,12,,12
VNM.28_1,Hà Nam,VNM.28.6_1,Thanh Liêm,Huyện,False,pending,2026-10-09 20:17:58,done,ok,12,12,ok,not_verified_from_csv_or_progress,12,,12,12,,12
VNM.29_1,Hà Tĩnh,VNM.29.1_1,Cẩm Xuyên,Huyện,False,pending,2026-10-09 20:19:23,done,ok,12,12,ok,not_verified_from_csv_or_progress,12,,12,12,,12
VNM.29_1,Hà Tĩnh,VNM.29.2_1,Can Lộc,Huyện,False,pending,2026-10-09 20:19:04,done,ok,12,12,ok,not_verified_from_csv_or_progress,12,,12,12,,12
VNM.29_1,Hà Tĩnh,VNM.29.3_1,Đức Thọ,Huyện,False,pending,2026-10-09 20:19:25,done,ok,12,12,ok,not_verified_from_csv_or_progress,12,,12,12,,12
VNM.29_1,Hà Tĩnh,VNM.29.4_1,Hồng Lĩnh,Thị xã,False,pending,2026-10-09 20:19:39,done,ok,12,12,ok,not_verified_from_csv_or_progress,12,,12,12,,12
VNM.29_1,Hà Tĩnh,VNM.29.5_1,Hà Tĩnh,Thành phố,False,pending,2026-10-09 20:19:40,done,ok,12,12,ok,not_verified_from_csv_or_progress,12,,12,12,,12
VNM.29_1,Hà Tĩnh,VNM.29.6_1,Hương Khê,Huyện,False,pending,2026-10-09 20:21:15,done,ok,12,12,ok,not_verified_from_csv_or_progress,12,,12,12,,12
VNM.29_1,Hà Tĩnh,VNM.29.7_1,Hương Sơn,Huyện,False,pending,2026-10-09 20:20:35,done,ok,12,12,ok,not_verified_from_csv_or_progress,12,,12,12,,12
VNM.29_1,Hà Tĩnh,VNM.29.8_1,Kỳ Anh (Thị xã),Thị xã,False,pending,2026-10-09 20:21:19,done,ok,12,12,ok,not_verified_from_csv_or_progress,12,,12,12,,12
VNM.29_1,Hà Tĩnh,VNM.29.9_1,Kỳ Anh,Huyện,False,pending,2026-10-09 20:22:53,done,ok,12,12,ok,not_verified_from_csv_or_progress,12,,12,12,,12
VNM.29_1,Hà Tĩnh,VNM.29.10_1,Lộc Hà,Huyện,False,pending,2026-10-09 20:21:37,done,ok,12,12,ok,not_verified_from_csv_or_progress,12,,12,12,,12
VNM.29_1,Hà Tĩnh,VNM.29.11_1,Nghi Xuân,Huyện,False,pending,2026-10-09 20:23:15,done,ok,12,12,ok,not_verified_from_csv_or_progress,12,,12,12,,12
VNM.29_1,Hà Tĩnh,VNM.29.12_1,Thạch Hà,Huyện,False,pending,2026-10-09 20:23:55,done,ok,12,12,ok,not_verified_from_csv_or_progress,12,,12,12,,12
VNM.29_1,Hà Tĩnh,VNM.29.13_1,Vũ Quang,Huyện,False,pending,2026-10-09 20:24:07,done,ok,12,12,ok,not_verified_from_csv_or_progress,12,,12,12,,12
VNM.30_1,Hoà Bình,VNM.30.1_1,Cao Phong,Huyện,False,pending,2026-10-09 20:24:57,done,ok,12,12,ok,not_verified_from_csv_or_progress,12,,12,12,,12
VNM.30_1,Hoà Bình,VNM.30.2_1,Đà Bắc,Huyện,False,pending,2026-10-09 20:25:57,done,ok,12,12,ok,not_verified_from_csv_or_progress,12,,12,12,,12
VNM.30_1,Hoà Bình,VNM.30.3_1,Hòa Bình,Thành phố,False,pending,2026-10-09 20:25:21,done,ok,12,12,ok,not_verified_from_csv_or_progress,12,,12,12,,12
VNM.30_1,Hoà Bình,VNM.30.4_1,Kỳ Sơn,Huyện,False,pending,2026-10-09 20:25:50,done,ok,12,12,ok,not_verified_from_csv_or_progress,12,,12,12,,12
VNM.30_1,Hoà Bình,VNM.30.5_1,Kim Bôi,Huyện,False,pending,2026-10-09 20:26:46,done,ok,12,12,ok,not_verified_from_csv_or_progress,12,,12,12,,12
VNM.30_1,Hoà Bình,VNM.30.6_1,Lạc Sơn,Huyện,False,pending,2026-10-09 20:26:36,done,ok,12,12,ok,not_verified_from_csv_or_progress,12,,12,12,,12
VNM.30_1,Hoà Bình,VNM.30.7_1,Lạc Thủy,Huyện,False,pending,2026-10-09 20:27:44,done,ok,12,12,ok,not_verified_from_csv_or_progress,12,,12,12,,12
VNM.30_1,Hoà Bình,VNM.30.8_1,Lương Sơn,Huyện,False,pending,2026-10-09 20:28:04,done,ok,12,12,ok,not_verified_from_csv_or_progress,12,,12,12,,12
VNM.30_1,Hoà Bình,VNM.30.9_1,Mai Châu,Huyện,False,pending,2026-10-09 20:29:11,done,ok,12,12,ok,not_verified_from_csv_or_progress,12,,12,12,,12
VNM.30_1,Hoà Bình,VNM.30.10_1,Tân Lạc,Huyện,False,pending,2026-10-09 20:28:49,done,ok,12,12,ok,not_verified_from_csv_or_progress,12,,12,12,,12
VNM.30_1,Hoà Bình,VNM.30.11_1,Yên Thủy,Huyện,False,pending,2026-10-09 20:29:18,done,ok,12,12,ok,not_verified_from_csv_or_progress,12,,12,12,,12
VNM.31_1,Hưng Yên,VNM.31.1_1,Ân Thi,Huyện,False,pending,2026-10-09 20:30:06,done,ok,12,12,ok,not_verified_from_csv_or_progress,12,,12,12,,12
VNM.31_1,Hưng Yên,VNM.31.2_1,Hưng Yên,Thành phố,False,pending,2026-10-09 20:30:08,done,ok,12,12,ok,not_verified_from_csv_or_progress,12,,12,12,,12
VNM.31_1,Hưng Yên,VNM.31.3_1,Khoái Châu,Huyện,False,pending,2026-10-09 20:30:33,done,ok,12,12,ok,not_verified_from_csv_or_progress,12,,12,12,,12
VNM.31_1,Hưng Yên,VNM.31.4_1,Kim Động,Huyện,False,pending,2026-10-09 20:30:32,done,ok,12,12,ok,not_verified_from_csv_or_progress,12,,12,12,,12
VNM.31_1,Hưng Yên,VNM.31.5_1,Mỹ Hào,Huyện,False,pending,2026-10-09 20:30:51,done,ok,12,12,ok,not_verified_from_csv_or_progress,12,,12,12,,12
VNM.31_1,Hưng Yên,VNM.31.6_1,Phù Cừ,Huyện,False,pending,2026-10-09 20:31:31,done,ok,12,12,ok,not_verified_from_csv_or_progress,12,,12,12,,12
VNM.31_1,Hưng Yên,VNM.31.7_1,Tiên Lữ,Huyện,False,pending,2026-10-09 20:31:42,done,ok,12,12,ok,not_verified_from_csv_or_progress,12,,12,12,,12
VNM.31_1,Hưng Yên,VNM.31.8_1,Văn Giang,Huyện,False,pending,2026-10-09 20:31:52,done,ok,12,12,ok,not_verified_from_csv_or_progress,12,,12,12,,12
VNM.31_1,Hưng Yên,VNM.31.9_1,Văn Lâm,Huyện,False,pending,2026-10-09 20:31:59,done,ok,12,12,ok,not_verified_from_csv_or_progress,12,,12,12,,12
VNM.31_1,Hưng Yên,VNM.31.10_1,Yên Mỹ,Huyện,False,pending,2026-10-09 20:32:16,done,ok,12,12,ok,not_verified_from_csv_or_progress,12,,12,12,,12
VNM.32_1,Khánh Hòa,VNM.32.1_1,Cam Lâm,Huyện,False,pending,2026-10-09 20:33:41,done,ok,12,12,ok,not_verified_from_csv_or_progress,12,,12,12,,12
VNM.32_1,Khánh Hòa,VNM.32.2_1,Cam Ranh,Thành phố,False,pending,2026-10-09 20:33:55,done,ok,12,12,ok,not_verified_from_csv_or_progress,12,,12,12,,12
VNM.32_1,Khánh Hòa,VNM.32.3_1,Diên Khánh,Huyện,False,pending,2026-10-09 20:34:07,done,ok,12,12,ok,not_verified_from_csv_or_progress,12,,12,12,,12
VNM.32_1,Khánh Hòa,VNM.32.4_1,Khánh Sơn,Huyện,False,pending,2026-10-09 20:34:26,done,ok,12,12,ok,not_verified_from_csv_or_progress,12,,12,12,,12
VNM.32_1,Khánh Hòa,VNM.32.5_1,Khánh Vĩnh,Huyện,False,pending,2026-10-09 20:35:40,done,ok,12,12,ok,not_verified_from_csv_or_progress,12,,12,12,,12
VNM.32_1,Khánh Hòa,VNM.32.6_1,Nha Trang,Thành phố,False,pending,2026-10-09 20:35:01,done,ok,12,12,ok,not_verified_from_csv_or_progress,12,,12,12,,12
VNM.32_1,Khánh Hòa,VNM.32.7_1,Ninh Hòa,Thị xã,False,pending,2026-10-09 20:37:39,done,ok,12,12,ok,not_verified_from_csv_or_progress,12,,12,12,,12
VNM.32_1,Khánh Hòa,VNM.32.8_1,Vạn Ninh,Huyện,False,pending,2026-10-09 20:36:52,done,ok,12,12,ok,not_verified_from_csv_or_progress,12,,12,12,,12
VNM.33_1,Kiên Giang,VNM.33.1_1,An Biên,Huyện,False,pending,2026-10-09 20:37:28,done,ok,12,12,ok,not_verified_from_csv_or_progress,12,,12,12,,12
VNM.33_1,Kiên Giang,VNM.33.2_1,An Minh,Huyện,False,pending,2026-10-09 20:38:44,done,ok,12,12,ok,not_verified_from_csv_or_progress,12,,12,12,,12
VNM.33_1,Kiên Giang,VNM.33.3_1,Châu Thành,Huyện,False,pending,2026-10-09 20:39:01,done,ok,12,12,ok,not_verified_from_csv_or_progress,12,,12,12,,12
VNM.33_1,Kiên Giang,VNM.33.4_1,Giồng Riềng,Huyện,False,pending,2026-10-09 20:39:21,done,ok,12,12,ok,not_verified_from_csv_or_progress,12,,12,12,,12
VNM.33_1,Kiên Giang,VNM.33.5_1,Giang Thành,Huyện,False,pending,2026-10-09 20:39:36,done,ok,12,12,ok,not_verified_from_csv_or_progress,12,,12,12,,12
VNM.33_1,Kiên Giang,VNM.33.6_1,Gò Quao,Huyện,False,pending,2026-10-09 20:39:55,done,ok,12,12,ok,not_verified_from_csv_or_progress,0,2024-07;2024-08;2024-09;2024-10;2024-11;2024-12;2025-01;2025-02;2025-03;2025-04;2025-05;2025-06,12,0,2024-07;2024-08;2024-09;2024-10;2024-11;2024-12;2025-01;2025-02;2025-03;2025-04;2025-05;2025-06,12
VNM.33_1,Kiên Giang,VNM.33.7_1,Hà Tiên,Thị xã,False,pending,2026-10-09 20:40:13,done,ok,12,12,ok,not_verified_from_csv_or_progress,0,2024-07;2024-08;2024-09;2024-10;2024-11;2024-12;2025-01;2025-02;2025-03;2025-04;2025-05;2025-06,12,0,2024-07;2024-08;2024-09;2024-10;2024-11;2024-12;2025-01;2025-02;2025-03;2025-04;2025-05;2025-06,12
VNM.33_1,Kiên Giang,VNM.33.8_1,Hòn Đất,Huyện,False,pending,2026-10-09 20:41:33,done,ok,12,12,ok,not_verified_from_csv_or_progress,0,2024-07;2024-08;2024-09;2024-10;2024-11;2024-12;2025-01;2025-02;2025-03;2025-04;2025-05;2025-06,12,0,2024-07;2024-08;2024-09;2024-10;2024-11;2024-12;2025-01;2025-02;2025-03;2025-04;2025-05;2025-06,12
VNM.33_1,Kiên Giang,VNM.33.9_1,Kiên Hải,Huyện,False,pending,2026-10-09 20:41:52,done,ok,12,12,ok,not_verified_from_csv_or_progress,0,2024-07;2024-08;2024-09;2024-10;2024-11;2024-12;2025-01;2025-02;2025-03;2025-04;2025-05;2025-06,12,0,2024-07;2024-08;2024-09;2024-10;2024-11;2024-12;2025-01;2025-02;2025-03;2025-04;2025-05;2025-06,12
VNM.33_1,Kiên Giang,VNM.33.10_1,Kiên Lương,Huyện,False,pending,2026-10-09 20:42:22,done,ok,12,12,ok,not_verified_from_csv_or_progress,0,2024-07;2024-08;2024-09;2024-10;2024-11;2024-12;2025-01;2025-02;2025-03;2025-04;2025-05;2025-06,12,0,2024-07;2024-08;2024-09;2024-10;2024-11;2024-12;2025-01;2025-02;2025-03;2025-04;2025-05;2025-06,12
VNM.33_1,Kiên Giang,VNM.33.11_1,Phú Quốc,Huyện,False,pending,2026-10-09 20:48:43,partial,ok,12,12,fail,not_verified_from_csv_or_progress,0,2024-07;2024-08;2024-09;2024-10;2024-11;2024-12;2025-01;2025-02;2025-03;2025-04;2025-05;2025-06,12,0,2024-07;2024-08;2024-09;2024-10;2024-11;2024-12;2025-01;2025-02;2025-03;2025-04;2025-05;2025-06,12
VNM.33_1,Kiên Giang,VNM.33.12_1,Rạch Giá,Thành phố,False,pending,2026-10-09 20:42:42,done,ok,12,12,ok,not_verified_from_csv_or_progress,0,2024-07;2024-08;2024-09;2024-10;2024-11;2024-12;2025-01;2025-02;2025-03;2025-04;2025-05;2025-06,12,0,2024-07;2024-08;2024-09;2024-10;2024-11;2024-12;2025-01;2025-02;2025-03;2025-04;2025-05;2025-06,12
VNM.33_1,Kiên Giang,VNM.33.13_1,Tân Hiệp,Huyện,False,pending,2026-10-09 20:43:26,done,ok,12,12,ok,not_verified_from_csv_or_progress,0,2024-07;2024-08;2024-09;2024-10;2024-11;2024-12;2025-01;2025-02;2025-03;2025-04;2025-05;2025-06,12,0,2024-07;2024-08;2024-09;2024-10;2024-11;2024-12;2025-01;2025-02;2025-03;2025-04;2025-05;2025-06,12
VNM.33_1,Kiên Giang,VNM.33.14_1,U Minh Thượng,Huyện,False,pending,2026-10-09 20:44:01,done,ok,12,12,ok,not_verified_from_csv_or_progress,0,2024-07;2024-08;2024-09;2024-10;2024-11;2024-12;2025-01;2025-02;2025-03;2025-04;2025-05;2025-06,12,0,2024-07;2024-08;2024-09;2024-10;2024-11;2024-12;2025-01;2025-02;2025-03;2025-04;2025-05;2025-06,12
VNM.33_1,Kiên Giang,VNM.33.15_1,Vĩnh Thuận,Huyện,False,pending,2026-10-09 20:44:29,done,ok,12,12,ok,not_verified_from_csv_or_progress,0,2024-07;2024-08;2024-09;2024-10;2024-11;2024-12;2025-01;2025-02;2025-03;2025-04;2025-05;2025-06,12,0,2024-07;2024-08;2024-09;2024-10;2024-11;2024-12;2025-01;2025-02;2025-03;2025-04;2025-05;2025-06,12
VNM.34_1,Kon Tum,VNM.34.1_1,Đắk Glei,Huyện,True,pending,2026-10-09 20:48:18,done,ok,12,12,ok,user_reports_absent,0,2024-07;2024-08;2024-09;2024-10;2024-11;2024-12;2025-01;2025-02;2025-03;2025-04;2025-05;2025-06,12,0,2024-07;2024-08;2024-09;2024-10;2024-11;2024-12;2025-01;2025-02;2025-03;2025-04;2025-05;2025-06,12
VNM.34_1,Kon Tum,VNM.34.2_1,Đắk Hà,Huyện,True,pending,2026-10-09 20:49:15,done,ok,12,12,ok,user_reports_absent,0,2024-07;2024-08;2024-09;2024-10;2024-11;2024-12;2025-01;2025-02;2025-03;2025-04;2025-05;2025-06,12,0,2024-07;2024-08;2024-09;2024-10;2024-11;2024-12;2025-01;2025-02;2025-03;2025-04;2025-05;2025-06,12
VNM.34_1,Kon Tum,VNM.34.3_1,Đắk Tô,Huyện,True,pending,2026-10-09 20:49:26,done,ok,12,12,ok,user_reports_absent,0,2024-07;2024-08;2024-09;2024-10;2024-11;2024-12;2025-01;2025-02;2025-03;2025-04;2025-05;2025-06,12,0,2024-07;2024-08;2024-09;2024-10;2024-11;2024-12;2025-01;2025-02;2025-03;2025-04;2025-05;2025-06,12
VNM.34_1,Kon Tum,VNM.34.4_1,Ia H' Drai,Huyện,True,pending,2026-10-09 20:51:27,done,ok,12,12,ok,user_reports_absent,0,2024-07;2024-08;2024-09;2024-10;2024-11;2024-12;2025-01;2025-02;2025-03;2025-04;2025-05;2025-06,12,0,2024-07;2024-08;2024-09;2024-10;2024-11;2024-12;2025-01;2025-02;2025-03;2025-04;2025-05;2025-06,12
VNM.34_1,Kon Tum,VNM.34.5_1,Kon Plông,Huyện,True,pending,2026-10-09 20:52:53,done,ok,12,12,ok,user_reports_absent,0,2024-07;2024-08;2024-09;2024-10;2024-11;2024-12;2025-01;2025-02;2025-03;2025-04;2025-05;2025-06,12,0,2024-07;2024-08;2024-09;2024-10;2024-11;2024-12;2025-01;2025-02;2025-03;2025-04;2025-05;2025-06,12
VNM.34_1,Kon Tum,VNM.34.6_1,Kon Rẫy,Huyện,True,pending,2026-10-09 20:52:57,done,ok,12,12,ok,user_reports_absent,0,2024-07;2024-08;2024-09;2024-10;2024-11;2024-12;2025-01;2025-02;2025-03;2025-04;2025-05;2025-06,12,0,2024-07;2024-08;2024-09;2024-10;2024-11;2024-12;2025-01;2025-02;2025-03;2025-04;2025-05;2025-06,12
VNM.34_1,Kon Tum,VNM.34.7_1,Kon Tum,Thành phố,True,pending,2026-10-09 20:53:35,done,ok,12,12,ok,user_reports_absent,0,2024-07;2024-08;2024-09;2024-10;2024-11;2024-12;2025-01;2025-02;2025-03;2025-04;2025-05;2025-06,12,0,2024-07;2024-08;2024-09;2024-10;2024-11;2024-12;2025-01;2025-02;2025-03;2025-04;2025-05;2025-06,12
VNM.34_1,Kon Tum,VNM.34.8_1,Ngọc Hồi,Huyện,True,pending,2026-10-09 20:54:09,done,ok,12,12,ok,user_reports_absent,0,2024-07;2024-08;2024-09;2024-10;2024-11;2024-12;2025-01;2025-02;2025-03;2025-04;2025-05;2025-06,12,0,2024-07;2024-08;2024-09;2024-10;2024-11;2024-12;2025-01;2025-02;2025-03;2025-04;2025-05;2025-06,12
VNM.34_1,Kon Tum,VNM.34.9_1,Sa Thầy,Huyện,True,pending,2026-10-09 20:54:57,done,ok,12,12,ok,user_reports_absent,0,2024-07;2024-08;2024-09;2024-10;2024-11;2024-12;2025-01;2025-02;2025-03;2025-04;2025-05;2025-06,12,0,2024-07;2024-08;2024-09;2024-10;2024-11;2024-12;2025-01;2025-02;2025-03;2025-04;2025-05;2025-06,12
VNM.34_1,Kon Tum,VNM.34.10_1,Tu Mơ Rông,Huyện,True,pending,2026-10-09 20:55:05,done,ok,12,12,ok,user_reports_absent,0,2024-07;2024-08;2024-09;2024-10;2024-11;2024-12;2025-01;2025-02;2025-03;2025-04;2025-05;2025-06,12,0,2024-07;2024-08;2024-09;2024-10;2024-11;2024-12;2025-01;2025-02;2025-03;2025-04;2025-05;2025-06,12
VNM.35_1,Lạng Sơn,VNM.35.1_1,Bắc Sơn,Huyện,True,pending,2026-10-09 20:56:10,done,ok,12,12,ok,user_reports_absent,0,2024-07;2024-08;2024-09;2024-10;2024-11;2024-12;2025-01;2025-02;2025-03;2025-04;2025-05;2025-06,12,0,2024-07;2024-08;2024-09;2024-10;2024-11;2024-12;2025-01;2025-02;2025-03;2025-04;2025-05;2025-06,12
VNM.35_1,Lạng Sơn,VNM.35.2_1,Bình Gia,Huyện,True,pending,2026-10-09 20:56:42,done,ok,12,12,ok,user_reports_absent,0,2024-07;2024-08;2024-09;2024-10;2024-11;2024-12;2025-01;2025-02;2025-03;2025-04;2025-05;2025-06,12,0,2024-07;2024-08;2024-09;2024-10;2024-11;2024-12;2025-01;2025-02;2025-03;2025-04;2025-05;2025-06,12
VNM.35_1,Lạng Sơn,VNM.35.3_1,Cao Lộc,Huyện,True,pending,2026-10-09 20:57:12,done,ok,12,12,ok,user_reports_absent,0,2024-07;2024-08;2024-09;2024-10;2024-11;2024-12;2025-01;2025-02;2025-03;2025-04;2025-05;2025-06,12,0,2024-07;2024-08;2024-09;2024-10;2024-11;2024-12;2025-01;2025-02;2025-03;2025-04;2025-05;2025-06,12
VNM.35_1,Lạng Sơn,VNM.35.4_1,Chi Lăng,Huyện,True,pending,2026-10-09 20:58:11,done,ok,12,12,ok,user_reports_absent,0,2024-07;2024-08;2024-09;2024-10;2024-11;2024-12;2025-01;2025-02;2025-03;2025-04;2025-05;2025-06,12,0,2024-07;2024-08;2024-09;2024-10;2024-11;2024-12;2025-01;2025-02;2025-03;2025-04;2025-05;2025-06,12
VNM.35_1,Lạng Sơn,VNM.35.5_1,Đình Lập,Huyện,True,pending,2026-10-09 20:59:10,done,ok,12,12,ok,user_reports_absent,0,2024-07;2024-08;2024-09;2024-10;2024-11;2024-12;2025-01;2025-02;2025-03;2025-04;2025-05;2025-06,12,0,2024-07;2024-08;2024-09;2024-10;2024-11;2024-12;2025-01;2025-02;2025-03;2025-04;2025-05;2025-06,12
VNM.35_1,Lạng Sơn,VNM.35.6_1,Hữu Lũng,Huyện,True,pending,2026-10-09 20:59:18,done,ok,12,12,ok,user_reports_absent,0,2024-07;2024-08;2024-09;2024-10;2024-11;2024-12;2025-01;2025-02;2025-03;2025-04;2025-05;2025-06,12,0,2024-07;2024-08;2024-09;2024-10;2024-11;2024-12;2025-01;2025-02;2025-03;2025-04;2025-05;2025-06,12
VNM.35_1,Lạng Sơn,VNM.35.7_1,Lạng Sơn,Thành phố,True,pending,2026-10-09 20:59:31,done,ok,12,12,ok,user_reports_absent,0,2024-07;2024-08;2024-09;2024-10;2024-11;2024-12;2025-01;2025-02;2025-03;2025-04;2025-05;2025-06,12,0,2024-07;2024-08;2024-09;2024-10;2024-11;2024-12;2025-01;2025-02;2025-03;2025-04;2025-05;2025-06,12
VNM.35_1,Lạng Sơn,VNM.35.8_1,Lộc Bình,Huyện,True,pending,2026-10-09 21:00:29,done,ok,12,12,ok,user_reports_absent,0,2024-07;2024-08;2024-09;2024-10;2024-11;2024-12;2025-01;2025-02;2025-03;2025-04;2025-05;2025-06,12,0,2024-07;2024-08;2024-09;2024-10;2024-11;2024-12;2025-01;2025-02;2025-03;2025-04;2025-05;2025-06,12
VNM.35_1,Lạng Sơn,VNM.35.9_1,Tràng Định,Huyện,True,pending,2026-10-09 21:00:47,done,ok,12,12,ok,user_reports_absent,0,2024-07;2024-08;2024-09;2024-10;2024-11;2024-12;2025-01;2025-02;2025-03;2025-04;2025-05;2025-06,12,0,2024-07;2024-08;2024-09;2024-10;2024-11;2024-12;2025-01;2025-02;2025-03;2025-04;2025-05;2025-06,12
VNM.35_1,Lạng Sơn,VNM.35.10_1,Văn Lãng,Huyện,True,pending,2026-10-09 21:01:44,done,ok,12,12,ok,user_reports_absent,0,2024-07;2024-08;2024-09;2024-10;2024-11;2024-12;2025-01;2025-02;2025-03;2025-04;2025-05;2025-06,12,0,2024-07;2024-08;2024-09;2024-10;2024-11;2024-12;2025-01;2025-02;2025-03;2025-04;2025-05;2025-06,12
VNM.35_1,Lạng Sơn,VNM.35.11_1,Văn Quan,Huyện,True,pending,2026-10-09 21:01:50,done,ok,12,12,ok,user_reports_absent,0,2024-07;2024-08;2024-09;2024-10;2024-11;2024-12;2025-01;2025-02;2025-03;2025-04;2025-05;2025-06,12,0,2024-07;2024-08;2024-09;2024-10;2024-11;2024-12;2025-01;2025-02;2025-03;2025-04;2025-05;2025-06,12
VNM.36_1,Lai Châu,VNM.36.1_1,Lai Châu,Thành phố,True,pending,2026-10-09 21:02:41,done,ok,12,12,ok,user_reports_absent,0,2024-07;2024-08;2024-09;2024-10;2024-11;2024-12;2025-01;2025-02;2025-03;2025-04;2025-05;2025-06,12,0,2024-07;2024-08;2024-09;2024-10;2024-11;2024-12;2025-01;2025-02;2025-03;2025-04;2025-05;2025-06,12
VNM.36_1,Lai Châu,VNM.36.2_1,Mường Tè,Huyện,True,pending,2026-10-09 21:07:03,done,ok,12,12,ok,user_reports_absent,0,2024-07;2024-08;2024-09;2024-10;2024-11;2024-12;2025-01;2025-02;2025-03;2025-04;2025-05;2025-06,12,0,2024-07;2024-08;2024-09;2024-10;2024-11;2024-12;2025-01;2025-02;2025-03;2025-04;2025-05;2025-06,12
VNM.36_1,Lai Châu,VNM.36.3_1,Nậm Nhùn,Huyện,True,pending,2026-10-09 21:05:07,done,ok,12,12,ok,user_reports_absent,0,2024-07;2024-08;2024-09;2024-10;2024-11;2024-12;2025-01;2025-02;2025-03;2025-04;2025-05;2025-06,12,0,2024-07;2024-08;2024-09;2024-10;2024-11;2024-12;2025-01;2025-02;2025-03;2025-04;2025-05;2025-06,12
VNM.36_1,Lai Châu,VNM.36.4_1,Phong Thổ,Huyện,True,pending,2026-10-09 21:07:17,done,ok,12,12,ok,user_reports_absent,0,2024-07;2024-08;2024-09;2024-10;2024-11;2024-12;2025-01;2025-02;2025-03;2025-04;2025-05;2025-06,12,0,2024-07;2024-08;2024-09;2024-10;2024-11;2024-12;2025-01;2025-02;2025-03;2025-04;2025-05;2025-06,12
VNM.36_1,Lai Châu,VNM.36.5_1,Sìn Hồ,Huyện,True,pending,2026-10-09 21:09:30,done,ok,12,12,ok,user_reports_absent,0,2024-07;2024-08;2024-09;2024-10;2024-11;2024-12;2025-01;2025-02;2025-03;2025-04;2025-05;2025-06,12,0,2024-07;2024-08;2024-09;2024-10;2024-11;2024-12;2025-01;2025-02;2025-03;2025-04;2025-05;2025-06,12
VNM.36_1,Lai Châu,VNM.36.6_1,Tam Đường,Huyện,True,pending,2026-10-09 21:08:07,done,ok,12,12,ok,user_reports_absent,0,2024-07;2024-08;2024-09;2024-10;2024-11;2024-12;2025-01;2025-02;2025-03;2025-04;2025-05;2025-06,12,0,2024-07;2024-08;2024-09;2024-10;2024-11;2024-12;2025-01;2025-02;2025-03;2025-04;2025-05;2025-06,12
VNM.36_1,Lai Châu,VNM.36.7_1,Tân Uyên,Huyện,True,pending,2026-10-09 21:09:21,done,ok,12,12,ok,user_reports_absent,0,2024-07;2024-08;2024-09;2024-10;2024-11;2024-12;2025-01;2025-02;2025-03;2025-04;2025-05;2025-06,12,0,2024-07;2024-08;2024-09;2024-10;2024-11;2024-12;2025-01;2025-02;2025-03;2025-04;2025-05;2025-06,12
VNM.36_1,Lai Châu,VNM.36.8_1,Than Uyên,Huyện,True,pending,2026-10-09 21:10:30,done,ok,12,12,ok,user_reports_absent,0,2024-07;2024-08;2024-09;2024-10;2024-11;2024-12;2025-01;2025-02;2025-03;2025-04;2025-05;2025-06,12,0,2024-07;2024-08;2024-09;2024-10;2024-11;2024-12;2025-01;2025-02;2025-03;2025-04;2025-05;2025-06,12
VNM.37_1,Lâm Đồng,VNM.37.1_1,Bảo Lộc,Thành phố,True,pending,2026-10-09 21:09:59,done,ok,12,12,ok,user_reports_absent,0,2024-07;2024-08;2024-09;2024-10;2024-11;2024-12;2025-01;2025-02;2025-03;2025-04;2025-05;2025-06,12,0,2024-07;2024-08;2024-09;2024-10;2024-11;2024-12;2025-01;2025-02;2025-03;2025-04;2025-05;2025-06,12
VNM.37_1,Lâm Đồng,VNM.37.2_1,Bảo Lâm,Huyện,True,pending,2026-10-09 21:13:05,done,ok,12,12,ok,user_reports_absent,0,2024-07;2024-08;2024-09;2024-10;2024-11;2024-12;2025-01;2025-02;2025-03;2025-04;2025-05;2025-06,12,0,2024-07;2024-08;2024-09;2024-10;2024-11;2024-12;2025-01;2025-02;2025-03;2025-04;2025-05;2025-06,12
VNM.37_1,Lâm Đồng,VNM.37.3_1,Cát Tiên,Huyện,True,pending,2026-10-09 21:11:48,done,ok,12,12,ok,user_reports_absent,0,2024-07;2024-08;2024-09;2024-10;2024-11;2024-12;2025-01;2025-02;2025-03;2025-04;2025-05;2025-06,12,0,2024-07;2024-08;2024-09;2024-10;2024-11;2024-12;2025-01;2025-02;2025-03;2025-04;2025-05;2025-06,12
VNM.37_1,Lâm Đồng,VNM.37.4_1,Đạ Huoai,Huyện,True,pending,2026-10-09 21:12:34,done,ok,12,12,ok,user_reports_absent,0,2024-07;2024-08;2024-09;2024-10;2024-11;2024-12;2025-01;2025-02;2025-03;2025-04;2025-05;2025-06,12,0,2024-07;2024-08;2024-09;2024-10;2024-11;2024-12;2025-01;2025-02;2025-03;2025-04;2025-05;2025-06,12
VNM.37_1,Lâm Đồng,VNM.37.5_1,Đạ Tẻh,Huyện,True,pending,2026-10-09 21:13:53,done,ok,12,12,ok,user_reports_absent,0,2024-07;2024-08;2024-09;2024-10;2024-11;2024-12;2025-01;2025-02;2025-03;2025-04;2025-05;2025-06,12,0,2024-07;2024-08;2024-09;2024-10;2024-11;2024-12;2025-01;2025-02;2025-03;2025-04;2025-05;2025-06,12
VNM.37_1,Lâm Đồng,VNM.37.6_1,Đức Trọng,Huyện,True,pending,2026-10-09 21:15:04,done,ok,12,12,ok,user_reports_absent,0,2024-07;2024-08;2024-09;2024-10;2024-11;2024-12;2025-01;2025-02;2025-03;2025-04;2025-05;2025-06,12,0,2024-07;2024-08;2024-09;2024-10;2024-11;2024-12;2025-01;2025-02;2025-03;2025-04;2025-05;2025-06,12
VNM.37_1,Lâm Đồng,VNM.37.7_1,Đà Lạt,Thành phố,True,pending,2026-10-09 21:14:31,done,ok,12,12,ok,user_reports_absent,0,2024-07;2024-08;2024-09;2024-10;2024-11;2024-12;2025-01;2025-02;2025-03;2025-04;2025-05;2025-06,12,0,2024-07;2024-08;2024-09;2024-10;2024-11;2024-12;2025-01;2025-02;2025-03;2025-04;2025-05;2025-06,12
VNM.37_1,Lâm Đồng,VNM.37.8_1,Đam Rông,Huyện,True,pending,2026-10-09 21:16:06,done,ok,12,12,ok,user_reports_absent,0,2024-07;2024-08;2024-09;2024-10;2024-11;2024-12;2025-01;2025-02;2025-03;2025-04;2025-05;2025-06,12,0,2024-07;2024-08;2024-09;2024-10;2024-11;2024-12;2025-01;2025-02;2025-03;2025-04;2025-05;2025-06,12
VNM.37_1,Lâm Đồng,VNM.37.9_1,Di Linh,Huyện,True,pending,2026-10-09 21:17:37,done,ok,12,12,ok,user_reports_absent,0,2024-07;2024-08;2024-09;2024-10;2024-11;2024-12;2025-01;2025-02;2025-03;2025-04;2025-05;2025-06,12,0,2024-07;2024-08;2024-09;2024-10;2024-11;2024-12;2025-01;2025-02;2025-03;2025-04;2025-05;2025-06,12
VNM.37_1,Lâm Đồng,VNM.37.10_1,Đơn Dương,Huyện,True,pending,2026-10-09 21:17:13,done,ok,12,12,ok,user_reports_absent,0,2024-07;2024-08;2024-09;2024-10;2024-11;2024-12;2025-01;2025-02;2025-03;2025-04;2025-05;2025-06,12,0,2024-07;2024-08;2024-09;2024-10;2024-11;2024-12;2025-01;2025-02;2025-03;2025-04;2025-05;2025-06,12
VNM.37_1,Lâm Đồng,VNM.37.11_1,Lạc Dương,Huyện,True,pending,2026-10-09 21:18:46,done,ok,12,12,ok,user_reports_absent,0,2024-07;2024-08;2024-09;2024-10;2024-11;2024-12;2025-01;2025-02;2025-03;2025-04;2025-05;2025-06,12,0,2024-07;2024-08;2024-09;2024-10;2024-11;2024-12;2025-01;2025-02;2025-03;2025-04;2025-05;2025-06,12
VNM.37_1,Lâm Đồng,VNM.37.12_1,Lâm Hà,Huyện,True,pending,2026-10-09 21:19:36,done,ok,12,12,ok,user_reports_absent,0,2024-07;2024-08;2024-09;2024-10;2024-11;2024-12;2025-01;2025-02;2025-03;2025-04;2025-05;2025-06,12,0,2024-07;2024-08;2024-09;2024-10;2024-11;2024-12;2025-01;2025-02;2025-03;2025-04;2025-05;2025-06,12
VNM.38_1,Lào Cai,VNM.38.1_1,Bảo Thắng,Huyện,True,pending,2026-10-09 21:20:32,done,ok,12,12,ok,user_reports_absent,0,2024-07;2024-08;2024-09;2024-10;2024-11;2024-12;2025-01;2025-02;2025-03;2025-04;2025-05;2025-06,12,0,2024-07;2024-08;2024-09;2024-10;2024-11;2024-12;2025-01;2025-02;2025-03;2025-04;2025-05;2025-06,12
VNM.38_1,Lào Cai,VNM.38.2_1,Bảo Yên,Huyện,True,pending,2026-10-09 21:22:20,done,ok,12,12,ok,user_reports_absent,0,2024-07;2024-08;2024-09;2024-10;2024-11;2024-12;2025-01;2025-02;2025-03;2025-04;2025-05;2025-06,12,0,2024-07;2024-08;2024-09;2024-10;2024-11;2024-12;2025-01;2025-02;2025-03;2025-04;2025-05;2025-06,12
VNM.38_1,Lào Cai,VNM.38.3_1,Bắc Hà,Huyện,True,pending,2026-10-09 21:21:29,done,ok,12,12,ok,user_reports_absent,0,2024-07;2024-08;2024-09;2024-10;2024-11;2024-12;2025-01;2025-02;2025-03;2025-04;2025-05;2025-06,12,0,2024-07;2024-08;2024-09;2024-10;2024-11;2024-12;2025-01;2025-02;2025-03;2025-04;2025-05;2025-06,12
VNM.38_1,Lào Cai,VNM.38.4_1,Bát Xát,Huyện,True,pending,2026-10-09 21:23:18,done,ok,12,12,ok,user_reports_absent,0,2024-07;2024-08;2024-09;2024-10;2024-11;2024-12;2025-01;2025-02;2025-03;2025-04;2025-05;2025-06,12,0,2024-07;2024-08;2024-09;2024-10;2024-11;2024-12;2025-01;2025-02;2025-03;2025-04;2025-05;2025-06,12
VNM.38_1,Lào Cai,VNM.38.5_1,Lào Cai,Thành phố,True,pending,2026-10-09 21:22:48,done,ok,12,12,ok,user_reports_absent,0,2024-07;2024-08;2024-09;2024-10;2024-11;2024-12;2025-01;2025-02;2025-03;2025-04;2025-05;2025-06,12,0,2024-07;2024-08;2024-09;2024-10;2024-11;2024-12;2025-01;2025-02;2025-03;2025-04;2025-05;2025-06,12
VNM.38_1,Lào Cai,VNM.38.6_1,Mường Khương,Huyện,True,pending,2026-10-09 21:23:53,done,ok,12,12,ok,user_reports_absent,0,2024-07;2024-08;2024-09;2024-10;2024-11;2024-12;2025-01;2025-02;2025-03;2025-04;2025-05;2025-06,12,0,2024-07;2024-08;2024-09;2024-10;2024-11;2024-12;2025-01;2025-02;2025-03;2025-04;2025-05;2025-06,12
VNM.38_1,Lào Cai,VNM.38.7_1,Sa Pa,Huyện,True,pending,2026-10-09 21:24:53,done,ok,12,12,ok,user_reports_absent,0,2024-07;2024-08;2024-09;2024-10;2024-11;2024-12;2025-01;2025-02;2025-03;2025-04;2025-05;2025-06,12,0,2024-07;2024-08;2024-09;2024-10;2024-11;2024-12;2025-01;2025-02;2025-03;2025-04;2025-05;2025-06,12
VNM.38_1,Lào Cai,VNM.38.8_1,Si Ma Cai,Huyện,True,pending,2026-10-09 21:24:16,done,ok,12,12,ok,user_reports_absent,0,2024-07;2024-08;2024-09;2024-10;2024-11;2024-12;2025-01;2025-02;2025-03;2025-04;2025-05;2025-06,12,0,2024-07;2024-08;2024-09;2024-10;2024-11;2024-12;2025-01;2025-02;2025-03;2025-04;2025-05;2025-06,12
VNM.38_1,Lào Cai,VNM.38.9_1,Văn Bàn,Huyện,True,pending,2026-10-09 21:27:58,done,ok,12,12,ok,user_reports_absent,0,2024-07;2024-08;2024-09;2024-10;2024-11;2024-12;2025-01;2025-02;2025-03;2025-04;2025-05;2025-06,12,0,2024-07;2024-08;2024-09;2024-10;2024-11;2024-12;2025-01;2025-02;2025-03;2025-04;2025-05;2025-06,12
VNM.39_1,Long An,VNM.39.1_1,Bến Lức,Huyện,True,pending,2026-10-09 21:25:25,done,ok,12,12,ok,user_reports_absent,0,2024-07;2024-08;2024-09;2024-10;2024-11;2024-12;2025-01;2025-02;2025-03;2025-04;2025-05;2025-06,12,0,2024-07;2024-08;2024-09;2024-10;2024-11;2024-12;2025-01;2025-02;2025-03;2025-04;2025-05;2025-06,12
VNM.39_1,Long An,VNM.39.2_1,Cần Đước,Huyện,True,pending,2026-10-09 21:25:57,done,ok,12,12,ok,user_reports_absent,0,2024-07;2024-08;2024-09;2024-10;2024-11;2024-12;2025-01;2025-02;2025-03;2025-04;2025-05;2025-06,12,0,2024-07;2024-08;2024-09;2024-10;2024-11;2024-12;2025-01;2025-02;2025-03;2025-04;2025-05;2025-06,12
VNM.39_1,Long An,VNM.39.3_1,Cần Giuộc,Huyện,True,pending,2026-10-09 21:26:28,done,ok,12,12,ok,user_reports_absent,0,2024-07;2024-08;2024-09;2024-10;2024-11;2024-12;2025-01;2025-02;2025-03;2025-04;2025-05;2025-06,12,0,2024-07;2024-08;2024-09;2024-10;2024-11;2024-12;2025-01;2025-02;2025-03;2025-04;2025-05;2025-06,12
VNM.39_1,Long An,VNM.39.4_1,Châu Thành,Huyện,True,pending,2026-10-09 21:26:50,done,ok,12,12,ok,user_reports_absent,0,2024-07;2024-08;2024-09;2024-10;2024-11;2024-12;2025-01;2025-02;2025-03;2025-04;2025-05;2025-06,12,0,2024-07;2024-08;2024-09;2024-10;2024-11;2024-12;2025-01;2025-02;2025-03;2025-04;2025-05;2025-06,12
VNM.39_1,Long An,VNM.39.5_1,Đức Hòa,Huyện,True,pending,2026-10-09 21:30:13,done,ok,12,12,ok,user_reports_absent,0,2024-07;2024-08;2024-09;2024-10;2024-11;2024-12;2025-01;2025-02;2025-03;2025-04;2025-05;2025-06,12,0,2024-07;2024-08;2024-09;2024-10;2024-11;2024-12;2025-01;2025-02;2025-03;2025-04;2025-05;2025-06,12
VNM.39_1,Long An,VNM.39.6_1,Đức Huệ,Huyện,True,pending,2026-10-09 21:30:21,done,ok,12,12,ok,user_reports_absent,0,2024-07;2024-08;2024-09;2024-10;2024-11;2024-12;2025-01;2025-02;2025-03;2025-04;2025-05;2025-06,12,0,2024-07;2024-08;2024-09;2024-10;2024-11;2024-12;2025-01;2025-02;2025-03;2025-04;2025-05;2025-06,12
VNM.39_1,Long An,VNM.39.7_1,Kiến Tường,Thị xã,True,pending,2026-10-09 21:30:50,done,ok,12,12,ok,user_reports_absent,0,2024-07;2024-08;2024-09;2024-10;2024-11;2024-12;2025-01;2025-02;2025-03;2025-04;2025-05;2025-06,12,0,2024-07;2024-08;2024-09;2024-10;2024-11;2024-12;2025-01;2025-02;2025-03;2025-04;2025-05;2025-06,12
VNM.39_1,Long An,VNM.39.8_1,Mộc Hóa,Huyện,True,pending,2026-10-09 21:30:57,done,ok,12,12,ok,user_reports_absent,0,2024-07;2024-08;2024-09;2024-10;2024-11;2024-12;2025-01;2025-02;2025-03;2025-04;2025-05;2025-06,12,0,2024-07;2024-08;2024-09;2024-10;2024-11;2024-12;2025-01;2025-02;2025-03;2025-04;2025-05;2025-06,12
VNM.39_1,Long An,VNM.39.9_1,Tân An,Thành phố,True,pending,2026-10-09 21:31:08,done,ok,12,12,ok,user_reports_absent,0,2024-07;2024-08;2024-09;2024-10;2024-11;2024-12;2025-01;2025-02;2025-03;2025-04;2025-05;2025-06,12,0,2024-07;2024-08;2024-09;2024-10;2024-11;2024-12;2025-01;2025-02;2025-03;2025-04;2025-05;2025-06,12
VNM.39_1,Long An,VNM.39.10_1,Tân Hưng,Huyện,True,pending,2026-10-09 21:31:46,done,ok,12,12,ok,user_reports_absent,0,2024-07;2024-08;2024-09;2024-10;2024-11;2024-12;2025-01;2025-02;2025-03;2025-04;2025-05;2025-06,12,0,2024-07;2024-08;2024-09;2024-10;2024-11;2024-12;2025-01;2025-02;2025-03;2025-04;2025-05;2025-06,12
VNM.39_1,Long An,VNM.39.11_1,Tân Thạnh,Huyện,True,pending,2026-10-09 21:31:43,done,ok,12,12,ok,user_reports_absent,0,2024-07;2024-08;2024-09;2024-10;2024-11;2024-12;2025-01;2025-02;2025-03;2025-04;2025-05;2025-06,12,0,2024-07;2024-08;2024-09;2024-10;2024-11;2024-12;2025-01;2025-02;2025-03;2025-04;2025-05;2025-06,12
VNM.39_1,Long An,VNM.39.12_1,Tân Trụ,Huyện,True,pending,2026-10-09 21:32:08,done,ok,12,12,ok,user_reports_absent,0,2024-07;2024-08;2024-09;2024-10;2024-11;2024-12;2025-01;2025-02;2025-03;2025-04;2025-05;2025-06,12,0,2024-07;2024-08;2024-09;2024-10;2024-11;2024-12;2025-01;2025-02;2025-03;2025-04;2025-05;2025-06,12
VNM.39_1,Long An,VNM.39.13_1,Thạnh Hóa,Huyện,True,pending,2026-10-09 21:32:27,done,ok,12,12,ok,user_reports_absent,0,2024-07;2024-08;2024-09;2024-10;2024-11;2024-12;2025-01;2025-02;2025-03;2025-04;2025-05;2025-06,12,0,2024-07;2024-08;2024-09;2024-10;2024-11;2024-12;2025-01;2025-02;2025-03;2025-04;2025-05;2025-06,12
VNM.39_1,Long An,VNM.39.14_1,Thủ Thừa,Huyện,True,pending,2026-10-09 21:33:07,done,ok,12,12,ok,user_reports_absent,0,2024-07;2024-08;2024-09;2024-10;2024-11;2024-12;2025-01;2025-02;2025-03;2025-04;2025-05;2025-06,12,0,2024-07;2024-08;2024-09;2024-10;2024-11;2024-12;2025-01;2025-02;2025-03;2025-04;2025-05;2025-06,12
VNM.39_1,Long An,VNM.39.15_1,Vĩnh Hưng,Huyện,True,pending,2026-10-09 21:33:43,done,ok,12,12,ok,user_reports_absent,0,2024-07;2024-08;2024-09;2024-10;2024-11;2024-12;2025-01;2025-02;2025-03;2025-04;2025-05;2025-06,12,0,2024-07;2024-08;2024-09;2024-10;2024-11;2024-12;2025-01;2025-02;2025-03;2025-04;2025-05;2025-06,12
VNM.40_1,Nam Định,VNM.40.1_1,Giao Thủy,Huyện,True,pending,2026-10-09 21:34:41,done,ok,12,12,ok,user_reports_absent,0,2024-07;2024-08;2024-09;2024-10;2024-11;2024-12;2025-01;2025-02;2025-03;2025-04;2025-05;2025-06,12,0,2024-07;2024-08;2024-09;2024-10;2024-11;2024-12;2025-01;2025-02;2025-03;2025-04;2025-05;2025-06,12
VNM.40_1,Nam Định,VNM.40.2_1,Hải Hậu,Huyện,True,pending,2026-10-09 21:35:07,done,ok,12,12,ok,user_reports_absent,0,2024-07;2024-08;2024-09;2024-10;2024-11;2024-12;2025-01;2025-02;2025-03;2025-04;2025-05;2025-06,12,0,2024-07;2024-08;2024-09;2024-10;2024-11;2024-12;2025-01;2025-02;2025-03;2025-04;2025-05;2025-06,12
VNM.40_1,Nam Định,VNM.40.3_1,Mỹ Lộc,Huyện,True,pending,2026-10-09 21:35:02,done,ok,12,12,ok,user_reports_absent,0,2024-07;2024-08;2024-09;2024-10;2024-11;2024-12;2025-01;2025-02;2025-03;2025-04;2025-05;2025-06,12,0,2024-07;2024-08;2024-09;2024-10;2024-11;2024-12;2025-01;2025-02;2025-03;2025-04;2025-05;2025-06,12
VNM.40_1,Nam Định,VNM.40.4_1,Nam Định,Thành phố,True,pending,2026-10-09 21:35:19,done,ok,12,12,ok,user_reports_absent,0,2024-07;2024-08;2024-09;2024-10;2024-11;2024-12;2025-01;2025-02;2025-03;2025-04;2025-05;2025-06,12,0,2024-07;2024-08;2024-09;2024-10;2024-11;2024-12;2025-01;2025-02;2025-03;2025-04;2025-05;2025-06,12
VNM.40_1,Nam Định,VNM.40.5_1,Nam Trực,Huyện,True,pending,2026-10-09 21:35:32,done,ok,12,12,ok,user_reports_absent,0,2024-07;2024-08;2024-09;2024-10;2024-11;2024-12;2025-01;2025-02;2025-03;2025-04;2025-05;2025-06,12,0,2024-07;2024-08;2024-09;2024-10;2024-11;2024-12;2025-01;2025-02;2025-03;2025-04;2025-05;2025-06,12
VNM.40_1,Nam Định,VNM.40.6_1,Nghĩa Hưng,Huyện,True,pending,2026-10-09 21:35:50,done,ok,12,12,ok,user_reports_absent,0,2024-07;2024-08;2024-09;2024-10;2024-11;2024-12;2025-01;2025-02;2025-03;2025-04;2025-05;2025-06,12,0,2024-07;2024-08;2024-09;2024-10;2024-11;2024-12;2025-01;2025-02;2025-03;2025-04;2025-05;2025-06,12
VNM.40_1,Nam Định,VNM.40.7_1,Trực Ninh,Huyện,True,pending,2026-10-09 21:36:04,done,ok,12,12,ok,user_reports_absent,0,2024-07;2024-08;2024-09;2024-10;2024-11;2024-12;2025-01;2025-02;2025-03;2025-04;2025-05;2025-06,12,0,2024-07;2024-08;2024-09;2024-10;2024-11;2024-12;2025-01;2025-02;2025-03;2025-04;2025-05;2025-06,12
VNM.40_1,Nam Định,VNM.40.8_1,Vụ Bản,Huyện,True,pending,2026-10-09 21:36:17,done,ok,12,12,ok,user_reports_absent,0,2024-07;2024-08;2024-09;2024-10;2024-11;2024-12;2025-01;2025-02;2025-03;2025-04;2025-05;2025-06,12,0,2024-07;2024-08;2024-09;2024-10;2024-11;2024-12;2025-01;2025-02;2025-03;2025-04;2025-05;2025-06,12
VNM.40_1,Nam Định,VNM.40.9_1,Xuân Trường,Huyện,True,pending,2026-10-09 21:36:59,done,ok,12,12,ok,user_reports_absent,0,2024-07;2024-08;2024-09;2024-10;2024-11;2024-12;2025-01;2025-02;2025-03;2025-04;2025-05;2025-06,12,0,2024-07;2024-08;2024-09;2024-10;2024-11;2024-12;2025-01;2025-02;2025-03;2025-04;2025-05;2025-06,12
VNM.40_1,Nam Định,VNM.40.10_1,Ý Yên,Huyện,True,pending,2026-10-09 21:37:23,done,ok,12,12,ok,user_reports_absent,0,2024-07;2024-08;2024-09;2024-10;2024-11;2024-12;2025-01;2025-02;2025-03;2025-04;2025-05;2025-06,12,0,2024-07;2024-08;2024-09;2024-10;2024-11;2024-12;2025-01;2025-02;2025-03;2025-04;2025-05;2025-06,12
VNM.41_1,Nghệ An,VNM.41.1_1,Anh Sơn,Huyện,True,pending,2026-10-09 21:38:44,done,ok,12,12,ok,user_reports_absent,0,2024-07;2024-08;2024-09;2024-10;2024-11;2024-12;2025-01;2025-02;2025-03;2025-04;2025-05;2025-06,12,0,2024-07;2024-08;2024-09;2024-10;2024-11;2024-12;2025-01;2025-02;2025-03;2025-04;2025-05;2025-06,12
VNM.41_1,Nghệ An,VNM.41.2_1,Cửa Lò,Thị xã,True,pending,2026-10-09 21:38:16,done,ok,12,12,ok,user_reports_absent,0,2024-07;2024-08;2024-09;2024-10;2024-11;2024-12;2025-01;2025-02;2025-03;2025-04;2025-05;2025-06,12,0,2024-07;2024-08;2024-09;2024-10;2024-11;2024-12;2025-01;2025-02;2025-03;2025-04;2025-05;2025-06,12
VNM.41_1,Nghệ An,VNM.41.3_1,Con Cuông,Huyện,True,pending,2026-10-09 21:41:20,done,ok,12,12,ok,user_reports_absent,0,2024-07;2024-08;2024-09;2024-10;2024-11;2024-12;2025-01;2025-02;2025-03;2025-04;2025-05;2025-06,12,0,2024-07;2024-08;2024-09;2024-10;2024-11;2024-12;2025-01;2025-02;2025-03;2025-04;2025-05;2025-06,12
VNM.41_1,Nghệ An,VNM.41.4_1,Diễn Châu,Huyện,True,pending,2026-10-09 21:39:16,done,ok,12,12,ok,user_reports_absent,0,2024-07;2024-08;2024-09;2024-10;2024-11;2024-12;2025-01;2025-02;2025-03;2025-04;2025-05;2025-06,12,0,2024-07;2024-08;2024-09;2024-10;2024-11;2024-12;2025-01;2025-02;2025-03;2025-04;2025-05;2025-06,12
VNM.41_1,Nghệ An,VNM.41.5_1,Đô Lương,Huyện,True,pending,2026-10-09 21:40:08,done,ok,12,12,ok,user_reports_absent,0,2024-07;2024-08;2024-09;2024-10;2024-11;2024-12;2025-01;2025-02;2025-03;2025-04;2025-05;2025-06,12,0,2024-07;2024-08;2024-09;2024-10;2024-11;2024-12;2025-01;2025-02;2025-03;2025-04;2025-05;2025-06,12
VNM.41_1,Nghệ An,VNM.41.6_1,Hoàng Mai,Thị xã,True,pending,2026-10-09 21:40:30,done,ok,12,12,ok,user_reports_absent,0,2024-07;2024-08;2024-09;2024-10;2024-11;2024-12;2025-01;2025-02;2025-03;2025-04;2025-05;2025-06,12,0,2024-07;2024-08;2024-09;2024-10;2024-11;2024-12;2025-01;2025-02;2025-03;2025-04;2025-05;2025-06,12
VNM.41_1,Nghệ An,VNM.41.7_1,Hưng Nguyên,Huyện,True,pending,2026-10-09 21:41:07,done,ok,12,12,ok,user_reports_absent,0,2024-07;2024-08;2024-09;2024-10;2024-11;2024-12;2025-01;2025-02;2025-03;2025-04;2025-05;2025-06,12,0,2024-07;2024-08;2024-09;2024-10;2024-11;2024-12;2025-01;2025-02;2025-03;2025-04;2025-05;2025-06,12
VNM.41_1,Nghệ An,VNM.41.8_1,Kỳ Sơn,Huyện,True,pending,2026-10-09 21:44:37,done,ok,12,12,ok,user_reports_absent,0,2024-07;2024-08;2024-09;2024-10;2024-11;2024-12;2025-01;2025-02;2025-03;2025-04;2025-05;2025-06,12,0,2024-07;2024-08;2024-09;2024-10;2024-11;2024-12;2025-01;2025-02;2025-03;2025-04;2025-05;2025-06,12
VNM.41_1,Nghệ An,VNM.41.9_1,Nam Đàn,Huyện,True,pending,2026-10-09 21:41:48,done,ok,12,12,ok,user_reports_absent,0,2024-07;2024-08;2024-09;2024-10;2024-11;2024-12;2025-01;2025-02;2025-03;2025-04;2025-05;2025-06,12,0,2024-07;2024-08;2024-09;2024-10;2024-11;2024-12;2025-01;2025-02;2025-03;2025-04;2025-05;2025-06,12
VNM.41_1,Nghệ An,VNM.41.10_1,Nghi Lộc,Huyện,True,pending,2026-10-09 21:42:56,done,ok,12,12,ok,user_reports_absent,0,2024-07;2024-08;2024-09;2024-10;2024-11;2024-12;2025-01;2025-02;2025-03;2025-04;2025-05;2025-06,12,0,2024-07;2024-08;2024-09;2024-10;2024-11;2024-12;2025-01;2025-02;2025-03;2025-04;2025-05;2025-06,12
VNM.41_1,Nghệ An,VNM.41.11_1,Nghĩa Đàn,Huyện,True,pending,2026-10-09 21:43:44,done,ok,12,12,ok,user_reports_absent,0,2024-07;2024-08;2024-09;2024-10;2024-11;2024-12;2025-01;2025-02;2025-03;2025-04;2025-05;2025-06,12,0,2024-07;2024-08;2024-09;2024-10;2024-11;2024-12;2025-01;2025-02;2025-03;2025-04;2025-05;2025-06,12
VNM.41_1,Nghệ An,VNM.41.12_1,Quế Phong,Huyện,True,pending,2026-10-09 21:46:46,done,ok,12,12,ok,user_reports_absent,0,2024-07;2024-08;2024-09;2024-10;2024-11;2024-12;2025-01;2025-02;2025-03;2025-04;2025-05;2025-06,12,0,2024-07;2024-08;2024-09;2024-10;2024-11;2024-12;2025-01;2025-02;2025-03;2025-04;2025-05;2025-06,12
VNM.41_1,Nghệ An,VNM.41.13_1,Quỳ Châu,Huyện,True,pending,2026-10-09 21:46:36,done,ok,12,12,ok,user_reports_absent,0,2024-07;2024-08;2024-09;2024-10;2024-11;2024-12;2025-01;2025-02;2025-03;2025-04;2025-05;2025-06,12,0,2024-07;2024-08;2024-09;2024-10;2024-11;2024-12;2025-01;2025-02;2025-03;2025-04;2025-05;2025-06,12
VNM.41_1,Nghệ An,VNM.41.14_1,Quỳ Hợp,Huyện,True,pending,2026-10-09 21:47:28,done,ok,12,12,ok,user_reports_absent,0,2024-07;2024-08;2024-09;2024-10;2024-11;2024-12;2025-01;2025-02;2025-03;2025-04;2025-05;2025-06,12,0,2024-07;2024-08;2024-09;2024-10;2024-11;2024-12;2025-01;2025-02;2025-03;2025-04;2025-05;2025-06,12
VNM.41_1,Nghệ An,VNM.41.15_1,Quỳnh Lưu,Huyện,True,pending,2026-10-09 21:47:28,done,ok,12,12,ok,user_reports_absent,0,2024-07;2024-08;2024-09;2024-10;2024-11;2024-12;2025-01;2025-02;2025-03;2025-04;2025-05;2025-06,12,0,2024-07;2024-08;2024-09;2024-10;2024-11;2024-12;2025-01;2025-02;2025-03;2025-04;2025-05;2025-06,12
VNM.41_1,Nghệ An,VNM.41.16_1,Tân Kỳ,Huyện,True,pending,2026-10-09 21:48:19,done,ok,12,12,ok,user_reports_absent,0,2024-07;2024-08;2024-09;2024-10;2024-11;2024-12;2025-01;2025-02;2025-03;2025-04;2025-05;2025-06,12,0,2024-07;2024-08;2024-09;2024-10;2024-11;2024-12;2025-01;2025-02;2025-03;2025-04;2025-05;2025-06,12
VNM.41_1,Nghệ An,VNM.41.17_1,Thái Hoà,Thị xã,True,pending,2026-10-09 21:47:55,done,ok,12,12,ok,user_reports_absent,0,2024-07;2024-08;2024-09;2024-10;2024-11;2024-12;2025-01;2025-02;2025-03;2025-04;2025-05;2025-06,12,0,2024-07;2024-08;2024-09;2024-10;2024-11;2024-12;2025-01;2025-02;2025-03;2025-04;2025-05;2025-06,12
VNM.41_1,Nghệ An,VNM.41.18_1,Thanh Chương,Huyện,True,pending,2026-10-09 21:49:00,done,ok,12,12,ok,user_reports_absent,0,2024-07;2024-08;2024-09;2024-10;2024-11;2024-12;2025-01;2025-02;2025-03;2025-04;2025-05;2025-06,12,0,2024-07;2024-08;2024-09;2024-10;2024-11;2024-12;2025-01;2025-02;2025-03;2025-04;2025-05;2025-06,12
VNM.41_1,Nghệ An,VNM.41.19_1,Tương Dương,Huyện,True,pending,2026-10-09 21:52:44,done,ok,12,12,ok,user_reports_absent,0,2024-07;2024-08;2024-09;2024-10;2024-11;2024-12;2025-01;2025-02;2025-03;2025-04;2025-05;2025-06,12,0,2024-07;2024-08;2024-09;2024-10;2024-11;2024-12;2025-01;2025-02;2025-03;2025-04;2025-05;2025-06,12
VNM.41_1,Nghệ An,VNM.41.20_1,Vinh,Thành phố,True,pending,2026-10-09 21:49:52,done,ok,12,12,ok,user_reports_absent,0,2024-07;2024-08;2024-09;2024-10;2024-11;2024-12;2025-01;2025-02;2025-03;2025-04;2025-05;2025-06,12,0,2024-07;2024-08;2024-09;2024-10;2024-11;2024-12;2025-01;2025-02;2025-03;2025-04;2025-05;2025-06,12
VNM.41_1,Nghệ An,VNM.41.21_1,Yên Thành,Huyện,True,pending,2026-10-09 21:50:33,done,ok,12,12,ok,user_reports_absent,0,2024-07;2024-08;2024-09;2024-10;2024-11;2024-12;2025-01;2025-02;2025-03;2025-04;2025-05;2025-06,12,0,2024-07;2024-08;2024-09;2024-10;2024-11;2024-12;2025-01;2025-02;2025-03;2025-04;2025-05;2025-06,12
VNM.42_1,Ninh Bình,VNM.42.1_1,Gia Viễn,Huyện,True,pending,2026-10-09 21:50:59,done,ok,12,12,ok,user_reports_absent,0,2024-07;2024-08;2024-09;2024-10;2024-11;2024-12;2025-01;2025-02;2025-03;2025-04;2025-05;2025-06,12,0,2024-07;2024-08;2024-09;2024-10;2024-11;2024-12;2025-01;2025-02;2025-03;2025-04;2025-05;2025-06,12
VNM.42_1,Ninh Bình,VNM.42.2_1,Hoa Lư,Huyện,True,pending,2026-10-09 21:51:22,done,ok,12,12,ok,user_reports_absent,0,2024-07;2024-08;2024-09;2024-10;2024-11;2024-12;2025-01;2025-02;2025-03;2025-04;2025-05;2025-06,12,0,2024-07;2024-08;2024-09;2024-10;2024-11;2024-12;2025-01;2025-02;2025-03;2025-04;2025-05;2025-06,12
VNM.42_1,Ninh Bình,VNM.42.3_1,Kim Sơn,Huyện,True,pending,2026-10-09 21:51:49,done,ok,12,12,ok,user_reports_absent,0,2024-07;2024-08;2024-09;2024-10;2024-11;2024-12;2025-01;2025-02;2025-03;2025-04;2025-05;2025-06,12,0,2024-07;2024-08;2024-09;2024-10;2024-11;2024-12;2025-01;2025-02;2025-03;2025-04;2025-05;2025-06,12
VNM.42_1,Ninh Bình,VNM.42.4_1,Nho Quan,Huyện,True,pending,2026-10-09 21:52:40,done,ok,12,12,ok,user_reports_absent,0,2024-07;2024-08;2024-09;2024-10;2024-11;2024-12;2025-01;2025-02;2025-03;2025-04;2025-05;2025-06,12,0,2024-07;2024-08;2024-09;2024-10;2024-11;2024-12;2025-01;2025-02;2025-03;2025-04;2025-05;2025-06,12
VNM.42_1,Ninh Bình,VNM.42.5_1,Ninh Bình,Thành phố,True,pending,2026-10-09 21:53:27,done,ok,12,12,ok,user_reports_absent,0,2024-07;2024-08;2024-09;2024-10;2024-11;2024-12;2025-01;2025-02;2025-03;2025-04;2025-05;2025-06,12,0,2024-07;2024-08;2024-09;2024-10;2024-11;2024-12;2025-01;2025-02;2025-03;2025-04;2025-05;2025-06,12
VNM.42_1,Ninh Bình,VNM.42.6_1,Tam Điệp,Thành phố,True,pending,2026-10-09 21:53:38,done,ok,12,12,ok,user_reports_absent,0,2024-07;2024-08;2024-09;2024-10;2024-11;2024-12;2025-01;2025-02;2025-03;2025-04;2025-05;2025-06,12,0,2024-07;2024-08;2024-09;2024-10;2024-11;2024-12;2025-01;2025-02;2025-03;2025-04;2025-05;2025-06,12
VNM.42_1,Ninh Bình,VNM.42.7_1,Yên Khánh,Huyện,True,pending,2026-10-09 21:53:47,done,ok,12,12,ok,user_reports_absent,0,2024-07;2024-08;2024-09;2024-10;2024-11;2024-12;2025-01;2025-02;2025-03;2025-04;2025-05;2025-06,12,0,2024-07;2024-08;2024-09;2024-10;2024-11;2024-12;2025-01;2025-02;2025-03;2025-04;2025-05;2025-06,12
VNM.42_1,Ninh Bình,VNM.42.8_1,Yên Mô,Huyện,True,pending,2026-10-09 21:54:30,done,ok,12,12,ok,user_reports_absent,0,2024-07;2024-08;2024-09;2024-10;2024-11;2024-12;2025-01;2025-02;2025-03;2025-04;2025-05;2025-06,12,0,2024-07;2024-08;2024-09;2024-10;2024-11;2024-12;2025-01;2025-02;2025-03;2025-04;2025-05;2025-06,12
VNM.43_1,Ninh Thuận,VNM.43.1_1,Bác Ái,Huyện,True,pending,2026-10-09 21:56:17,done,ok,12,12,ok,user_reports_absent,0,2024-07;2024-08;2024-09;2024-10;2024-11;2024-12;2025-01;2025-02;2025-03;2025-04;2025-05;2025-06,12,0,2024-07;2024-08;2024-09;2024-10;2024-11;2024-12;2025-01;2025-02;2025-03;2025-04;2025-05;2025-06,12
VNM.43_1,Ninh Thuận,VNM.43.2_1,Ninh Hải,Huyện,True,pending,2026-10-09 21:55:50,done,ok,12,12,ok,user_reports_absent,0,2024-07;2024-08;2024-09;2024-10;2024-11;2024-12;2025-01;2025-02;2025-03;2025-04;2025-05;2025-06,12,0,2024-07;2024-08;2024-09;2024-10;2024-11;2024-12;2025-01;2025-02;2025-03;2025-04;2025-05;2025-06,12
VNM.43_1,Ninh Thuận,VNM.43.3_1,Ninh Phước,Huyện,True,pending,2026-10-09 21:56:24,done,ok,12,12,ok,user_reports_absent,0,2024-07;2024-08;2024-09;2024-10;2024-11;2024-12;2025-01;2025-02;2025-03;2025-04;2025-05;2025-06,12,0,2024-07;2024-08;2024-09;2024-10;2024-11;2024-12;2025-01;2025-02;2025-03;2025-04;2025-05;2025-06,12
VNM.43_1,Ninh Thuận,VNM.43.4_1,Ninh Sơn,Huyện,True,pending,2026-10-09 21:57:35,done,ok,12,12,ok,user_reports_absent,0,2024-07;2024-08;2024-09;2024-10;2024-11;2024-12;2025-01;2025-02;2025-03;2025-04;2025-05;2025-06,12,0,2024-07;2024-08;2024-09;2024-10;2024-11;2024-12;2025-01;2025-02;2025-03;2025-04;2025-05;2025-06,12
VNM.43_1,Ninh Thuận,VNM.43.5_1,Phan Rang-Tháp Chàm,Thành phố,True,pending,2026-10-09 21:56:48,done,ok,12,12,ok,user_reports_absent,0,2024-07;2024-08;2024-09;2024-10;2024-11;2024-12;2025-01;2025-02;2025-03;2025-04;2025-05;2025-06,12,0,2024-07;2024-08;2024-09;2024-10;2024-11;2024-12;2025-01;2025-02;2025-03;2025-04;2025-05;2025-06,12
VNM.43_1,Ninh Thuận,VNM.43.6_1,Thuận Bắc,Huyện,True,pending,2026-10-09 21:57:24,done,ok,12,12,ok,user_reports_absent,0,2024-07;2024-08;2024-09;2024-10;2024-11;2024-12;2025-01;2025-02;2025-03;2025-04;2025-05;2025-06,12,0,2024-07;2024-08;2024-09;2024-10;2024-11;2024-12;2025-01;2025-02;2025-03;2025-04;2025-05;2025-06,12
VNM.43_1,Ninh Thuận,VNM.43.7_1,Thuận Nam,Huyện,True,pending,2026-10-09 21:58:13,done,ok,12,12,ok,user_reports_absent,0,2024-07;2024-08;2024-09;2024-10;2024-11;2024-12;2025-01;2025-02;2025-03;2025-04;2025-05;2025-06,12,0,2024-07;2024-08;2024-09;2024-10;2024-11;2024-12;2025-01;2025-02;2025-03;2025-04;2025-05;2025-06,12
VNM.44_1,Phú Thọ,VNM.44.1_1,Cẩm Khê,Huyện,True,pending,2026-10-09 21:58:05,done,ok,12,12,ok,user_reports_absent,0,2024-07;2024-08;2024-09;2024-10;2024-11;2024-12;2025-01;2025-02;2025-03;2025-04;2025-05;2025-06,12,0,2024-07;2024-08;2024-09;2024-10;2024-11;2024-12;2025-01;2025-02;2025-03;2025-04;2025-05;2025-06,12
VNM.44_1,Phú Thọ,VNM.44.2_1,Đoan Hùng,Huyện,True,pending,2026-10-09 21:59:08,done,ok,12,12,ok,user_reports_absent,0,2024-07;2024-08;2024-09;2024-10;2024-11;2024-12;2025-01;2025-02;2025-03;2025-04;2025-05;2025-06,12,0,2024-07;2024-08;2024-09;2024-10;2024-11;2024-12;2025-01;2025-02;2025-03;2025-04;2025-05;2025-06,12
VNM.44_1,Phú Thọ,VNM.44.3_1,Hạ Hoà,Huyện,True,pending,2026-10-09 21:59:50,done,ok,12,12,ok,user_reports_absent,0,2024-07;2024-08;2024-09;2024-10;2024-11;2024-12;2025-01;2025-02;2025-03;2025-04;2025-05;2025-06,12,0,2024-07;2024-08;2024-09;2024-10;2024-11;2024-12;2025-01;2025-02;2025-03;2025-04;2025-05;2025-06,12
VNM.44_1,Phú Thọ,VNM.44.4_1,Lâm Thao,Huyện,True,pending,2026-10-09 21:59:56,done,ok,12,12,ok,user_reports_absent,0,2024-07;2024-08;2024-09;2024-10;2024-11;2024-12;2025-01;2025-02;2025-03;2025-04;2025-05;2025-06,12,0,2024-07;2024-08;2024-09;2024-10;2024-11;2024-12;2025-01;2025-02;2025-03;2025-04;2025-05;2025-06,12
VNM.44_1,Phú Thọ,VNM.44.5_1,Phù Ninh,Huyện,True,pending,2026-10-09 22:00:12,done,ok,12,12,ok,user_reports_absent,0,2024-07;2024-08;2024-09;2024-10;2024-11;2024-12;2025-01;2025-02;2025-03;2025-04;2025-05;2025-06,12,0,2024-07;2024-08;2024-09;2024-10;2024-11;2024-12;2025-01;2025-02;2025-03;2025-04;2025-05;2025-06,12
VNM.44_1,Phú Thọ,VNM.44.6_1,Phú Thọ,Thị xã,True,pending,2026-10-09 22:00:12,done,ok,12,12,ok,user_reports_absent,0,2024-07;2024-08;2024-09;2024-10;2024-11;2024-12;2025-01;2025-02;2025-03;2025-04;2025-05;2025-06,12,0,2024-07;2024-08;2024-09;2024-10;2024-11;2024-12;2025-01;2025-02;2025-03;2025-04;2025-05;2025-06,12
VNM.44_1,Phú Thọ,VNM.44.7_1,Tam Nông,Huyện,True,pending,2026-10-09 22:00:39,done,ok,12,12,ok,user_reports_absent,0,2024-07;2024-08;2024-09;2024-10;2024-11;2024-12;2025-01;2025-02;2025-03;2025-04;2025-05;2025-06,12,0,2024-07;2024-08;2024-09;2024-10;2024-11;2024-12;2025-01;2025-02;2025-03;2025-04;2025-05;2025-06,12
VNM.44_1,Phú Thọ,VNM.44.8_1,Tân Sơn,Huyện,True,pending,2026-10-09 22:01:03,done,ok,12,12,ok,user_reports_absent,0,2024-07;2024-08;2024-09;2024-10;2024-11;2024-12;2025-01;2025-02;2025-03;2025-04;2025-05;2025-06,12,0,2024-07;2024-08;2024-09;2024-10;2024-11;2024-12;2025-01;2025-02;2025-03;2025-04;2025-05;2025-06,12
VNM.44_1,Phú Thọ,VNM.44.9_1,Thanh Ba,Huyện,True,pending,2026-10-09 22:01:07,done,ok,12,12,ok,user_reports_absent,0,2024-07;2024-08;2024-09;2024-10;2024-11;2024-12;2025-01;2025-02;2025-03;2025-04;2025-05;2025-06,12,0,2024-07;2024-08;2024-09;2024-10;2024-11;2024-12;2025-01;2025-02;2025-03;2025-04;2025-05;2025-06,12
VNM.44_1,Phú Thọ,VNM.44.10_1,Thanh Sơn,Huyện,True,pending,2026-10-09 22:02:03,done,ok,12,12,ok,user_reports_absent,0,2024-07;2024-08;2024-09;2024-10;2024-11;2024-12;2025-01;2025-02;2025-03;2025-04;2025-05;2025-06,12,0,2024-07;2024-08;2024-09;2024-10;2024-11;2024-12;2025-01;2025-02;2025-03;2025-04;2025-05;2025-06,12
VNM.44_1,Phú Thọ,VNM.44.11_1,Thanh Thuỷ,Huyện,True,pending,2026-10-09 22:01:30,done,ok,12,12,ok,user_reports_absent,0,2024-07;2024-08;2024-09;2024-10;2024-11;2024-12;2025-01;2025-02;2025-03;2025-04;2025-05;2025-06,12,0,2024-07;2024-08;2024-09;2024-10;2024-11;2024-12;2025-01;2025-02;2025-03;2025-04;2025-05;2025-06,12
VNM.44_1,Phú Thọ,VNM.44.12_1,Việt Trì,Thành phố,True,pending,2026-10-09 22:01:48,done,ok,12,12,ok,user_reports_absent,0,2024-07;2024-08;2024-09;2024-10;2024-11;2024-12;2025-01;2025-02;2025-03;2025-04;2025-05;2025-06,12,0,2024-07;2024-08;2024-09;2024-10;2024-11;2024-12;2025-01;2025-02;2025-03;2025-04;2025-05;2025-06,12
VNM.44_1,Phú Thọ,VNM.44.13_1,Yên Lập,Huyện,True,pending,2026-10-09 22:03:08,done,ok,12,12,ok,user_reports_absent,0,2024-07;2024-08;2024-09;2024-10;2024-11;2024-12;2025-01;2025-02;2025-03;2025-04;2025-05;2025-06,12,0,2024-07;2024-08;2024-09;2024-10;2024-11;2024-12;2025-01;2025-02;2025-03;2025-04;2025-05;2025-06,12
VNM.45_1,Phú Yên,VNM.45.1_1,Đồng Xuân,Huyện,True,pending,2026-10-09 22:04:25,done,ok,12,12,ok,user_reports_absent,0,2024-07;2024-08;2024-09;2024-10;2024-11;2024-12;2025-01;2025-02;2025-03;2025-04;2025-05;2025-06,12,0,2024-07;2024-08;2024-09;2024-10;2024-11;2024-12;2025-01;2025-02;2025-03;2025-04;2025-05;2025-06,12
VNM.45_1,Phú Yên,VNM.45.2_1,Đông Hòa,Huyện,True,pending,2026-10-09 22:04:06,done,ok,12,12,ok,user_reports_absent,0,2024-07;2024-08;2024-09;2024-10;2024-11;2024-12;2025-01;2025-02;2025-03;2025-04;2025-05;2025-06,12,0,2024-07;2024-08;2024-09;2024-10;2024-11;2024-12;2025-01;2025-02;2025-03;2025-04;2025-05;2025-06,12
VNM.45_1,Phú Yên,VNM.45.3_1,Phú Hoà,Huyện,True,pending,2026-10-09 22:04:31,done,ok,12,12,ok,user_reports_absent,0,2024-07;2024-08;2024-09;2024-10;2024-11;2024-12;2025-01;2025-02;2025-03;2025-04;2025-05;2025-06,12,0,2024-07;2024-08;2024-09;2024-10;2024-11;2024-12;2025-01;2025-02;2025-03;2025-04;2025-05;2025-06,12
VNM.45_1,Phú Yên,VNM.45.4_1,Sơn Hòa,Huyện,True,pending,2026-10-09 22:05:21,done,ok,12,12,ok,user_reports_absent,0,2024-07;2024-08;2024-09;2024-10;2024-11;2024-12;2025-01;2025-02;2025-03;2025-04;2025-05;2025-06,12,0,2024-07;2024-08;2024-09;2024-10;2024-11;2024-12;2025-01;2025-02;2025-03;2025-04;2025-05;2025-06,12
VNM.45_1,Phú Yên,VNM.45.5_1,Sông Cầu,Thị xã,True,pending,2026-10-09 22:05:17,done,ok,12,12,ok,user_reports_absent,0,2024-07;2024-08;2024-09;2024-10;2024-11;2024-12;2025-01;2025-02;2025-03;2025-04;2025-05;2025-06,12,0,2024-07;2024-08;2024-09;2024-10;2024-11;2024-12;2025-01;2025-02;2025-03;2025-04;2025-05;2025-06,12
VNM.45_1,Phú Yên,VNM.45.6_1,Sông Hinh,Huyện,True,pending,2026-10-09 22:06:17,done,ok,12,12,ok,user_reports_absent,0,2024-07;2024-08;2024-09;2024-10;2024-11;2024-12;2025-01;2025-02;2025-03;2025-04;2025-05;2025-06,12,0,2024-07;2024-08;2024-09;2024-10;2024-11;2024-12;2025-01;2025-02;2025-03;2025-04;2025-05;2025-06,12
VNM.45_1,Phú Yên,VNM.45.7_1,Tây Hoà,Huyện,True,pending,2026-10-09 22:05:57,done,ok,12,12,ok,user_reports_absent,0,2024-07;2024-08;2024-09;2024-10;2024-11;2024-12;2025-01;2025-02;2025-03;2025-04;2025-05;2025-06,12,0,2024-07;2024-08;2024-09;2024-10;2024-11;2024-12;2025-01;2025-02;2025-03;2025-04;2025-05;2025-06,12
VNM.45_1,Phú Yên,VNM.45.8_1,Tuy An,Huyện,True,pending,2026-10-09 22:06:30,done,ok,12,12,ok,user_reports_absent,0,2024-07;2024-08;2024-09;2024-10;2024-11;2024-12;2025-01;2025-02;2025-03;2025-04;2025-05;2025-06,12,0,2024-07;2024-08;2024-09;2024-10;2024-11;2024-12;2025-01;2025-02;2025-03;2025-04;2025-05;2025-06,12
VNM.45_1,Phú Yên,VNM.45.9_1,Tuy Hoà,Thành phố,True,pending,2026-10-09 22:06:39,done,ok,12,12,ok,user_reports_absent,0,2024-07;2024-08;2024-09;2024-10;2024-11;2024-12;2025-01;2025-02;2025-03;2025-04;2025-05;2025-06,12,0,2024-07;2024-08;2024-09;2024-10;2024-11;2024-12;2025-01;2025-02;2025-03;2025-04;2025-05;2025-06,12
VNM.46_1,Quảng Bình,VNM.46.1_1,Bố Trạch,Huyện,True,pending,2026-10-09 22:09:29,done,ok,12,12,ok,user_reports_absent,0,2024-07;2024-08;2024-09;2024-10;2024-11;2024-12;2025-01;2025-02;2025-03;2025-04;2025-05;2025-06,12,0,2024-07;2024-08;2024-09;2024-10;2024-11;2024-12;2025-01;2025-02;2025-03;2025-04;2025-05;2025-06,12
VNM.46_1,Quảng Bình,VNM.46.2_1,Ba Đồn,Thị xã,True,pending,2026-10-09 22:07:38,partial,missing,12,12,ok,user_reports_absent,0,2024-07;2024-08;2024-09;2024-10;2024-11;2024-12;2025-01;2025-02;2025-03;2025-04;2025-05;2025-06,12,0,2024-07;2024-08;2024-09;2024-10;2024-11;2024-12;2025-01;2025-02;2025-03;2025-04;2025-05;2025-06,12
VNM.46_1,Quảng Bình,VNM.46.3_1,Lệ Thủy,Huyện,True,pending,2026-10-09 22:09:49,done,ok,12,12,ok,user_reports_absent,0,2024-07;2024-08;2024-09;2024-10;2024-11;2024-12;2025-01;2025-02;2025-03;2025-04;2025-05;2025-06,12,0,2024-07;2024-08;2024-09;2024-10;2024-11;2024-12;2025-01;2025-02;2025-03;2025-04;2025-05;2025-06,12
VNM.46_1,Quảng Bình,VNM.46.4_1,Minh Hóa,Huyện,True,pending,2026-10-09 22:12:06,done,ok,12,12,ok,user_reports_absent,0,2024-07;2024-08;2024-09;2024-10;2024-11;2024-12;2025-01;2025-02;2025-03;2025-04;2025-05;2025-06,12,0,2024-07;2024-08;2024-09;2024-10;2024-11;2024-12;2025-01;2025-02;2025-03;2025-04;2025-05;2025-06,12
VNM.46_1,Quảng Bình,VNM.46.5_1,Quảng Ninh,Huyện,True,pending,2026-10-09 22:11:31,done,ok,12,12,ok,user_reports_absent,0,2024-07;2024-08;2024-09;2024-10;2024-11;2024-12;2025-01;2025-02;2025-03;2025-04;2025-05;2025-06,12,0,2024-07;2024-08;2024-09;2024-10;2024-11;2024-12;2025-01;2025-02;2025-03;2025-04;2025-05;2025-06,12
VNM.46_1,Quảng Bình,VNM.46.6_1,Quảng Trạch,Huyện,True,pending,2026-10-09 22:12:04,done,ok,12,12,ok,user_reports_absent,0,2024-07;2024-08;2024-09;2024-10;2024-11;2024-12;2025-01;2025-02;2025-03;2025-04;2025-05;2025-06,12,0,2024-07;2024-08;2024-09;2024-10;2024-11;2024-12;2025-01;2025-02;2025-03;2025-04;2025-05;2025-06,12
VNM.46_1,Quảng Bình,VNM.46.7_1,Thành Phố Đồng Hới,Thành phố,True,pending,2026-10-09 22:12:31,done,ok,12,12,ok,user_reports_absent,0,2024-07;2024-08;2024-09;2024-10;2024-11;2024-12;2025-01;2025-02;2025-03;2025-04;2025-05;2025-06,12,0,2024-07;2024-08;2024-09;2024-10;2024-11;2024-12;2025-01;2025-02;2025-03;2025-04;2025-05;2025-06,12
VNM.46_1,Quảng Bình,VNM.46.8_1,Tuyên Hóa,Huyện,True,pending,2026-10-09 22:15:24,done,ok,12,12,ok,user_reports_absent,0,2024-07;2024-08;2024-09;2024-10;2024-11;2024-12;2025-01;2025-02;2025-03;2025-04;2025-05;2025-06,12,0,2024-07;2024-08;2024-09;2024-10;2024-11;2024-12;2025-01;2025-02;2025-03;2025-04;2025-05;2025-06,12
VNM.47_1,Quảng Nam,VNM.47.1_1,Bắc Trà My,Huyện,True,pending,2026-10-09 22:13:44,done,ok,12,12,ok,user_reports_absent,0,2024-07;2024-08;2024-09;2024-10;2024-11;2024-12;2025-01;2025-02;2025-03;2025-04;2025-05;2025-06,12,0,2024-07;2024-08;2024-09;2024-10;2024-11;2024-12;2025-01;2025-02;2025-03;2025-04;2025-05;2025-06,12
VNM.47_1,Quảng Nam,VNM.47.2_1,Đại Lộc,Huyện,True,pending,2026-10-09 22:14:29,done,ok,12,12,ok,user_reports_absent,0,2024-07;2024-08;2024-09;2024-10;2024-11;2024-12;2025-01;2025-02;2025-03;2025-04;2025-05;2025-06,12,0,2024-07;2024-08;2024-09;2024-10;2024-11;2024-12;2025-01;2025-02;2025-03;2025-04;2025-05;2025-06,12
VNM.47_1,Quảng Nam,VNM.47.3_1,Điện Bàn,Thị xã,True,pending,2026-10-09 22:14:51,done,ok,12,12,ok,user_reports_absent,0,2024-07;2024-08;2024-09;2024-10;2024-11;2024-12;2025-01;2025-02;2025-03;2025-04;2025-05;2025-06,12,0,2024-07;2024-08;2024-09;2024-10;2024-11;2024-12;2025-01;2025-02;2025-03;2025-04;2025-05;2025-06,12
VNM.47_1,Quảng Nam,VNM.47.4_1,Đông Giang,Huyện,True,pending,2026-10-09 22:16:58,done,ok,12,12,ok,user_reports_absent,0,2024-07;2024-08;2024-09;2024-10;2024-11;2024-12;2025-01;2025-02;2025-03;2025-04;2025-05;2025-06,12,0,2024-07;2024-08;2024-09;2024-10;2024-11;2024-12;2025-01;2025-02;2025-03;2025-04;2025-05;2025-06,12
VNM.47_1,Quảng Nam,VNM.47.5_1,Duy Xuyên,Huyện,True,pending,2026-10-09 22:16:42,done,ok,12,12,ok,user_reports_absent,0,2024-07;2024-08;2024-09;2024-10;2024-11;2024-12;2025-01;2025-02;2025-03;2025-04;2025-05;2025-06,12,0,2024-07;2024-08;2024-09;2024-10;2024-11;2024-12;2025-01;2025-02;2025-03;2025-04;2025-05;2025-06,12
VNM.47_1,Quảng Nam,VNM.47.6_1,Hội An,Thành phố,True,pending,2026-10-09 22:17:24,done,ok,12,12,ok,user_reports_absent,0,2024-07;2024-08;2024-09;2024-10;2024-11;2024-12;2025-01;2025-02;2025-03;2025-04;2025-05;2025-06,12,0,2024-07;2024-08;2024-09;2024-10;2024-11;2024-12;2025-01;2025-02;2025-03;2025-04;2025-05;2025-06,12
VNM.47_1,Quảng Nam,VNM.47.7_1,Hiệp Đức,Huyện,True,pending,2026-10-09 22:17:40,done,ok,12,12,ok,user_reports_absent,0,2024-07;2024-08;2024-09;2024-10;2024-11;2024-12;2025-01;2025-02;2025-03;2025-04;2025-05;2025-06,12,0,2024-07;2024-08;2024-09;2024-10;2024-11;2024-12;2025-01;2025-02;2025-03;2025-04;2025-05;2025-06,12
VNM.47_1,Quảng Nam,VNM.47.8_1,Nam Giang,Huyện,True,pending,2026-10-09 22:20:03,done,ok,12,12,ok,user_reports_absent,0,2024-07;2024-08;2024-09;2024-10;2024-11;2024-12;2025-01;2025-02;2025-03;2025-04;2025-05;2025-06,12,0,2024-07;2024-08;2024-09;2024-10;2024-11;2024-12;2025-01;2025-02;2025-03;2025-04;2025-05;2025-06,12
VNM.47_1,Quảng Nam,VNM.47.9_1,Nam Trà My,Huyện,True,pending,2026-10-09 22:18:41,done,ok,12,12,ok,user_reports_absent,0,2024-07;2024-08;2024-09;2024-10;2024-11;2024-12;2025-01;2025-02;2025-03;2025-04;2025-05;2025-06,12,0,2024-07;2024-08;2024-09;2024-10;2024-11;2024-12;2025-01;2025-02;2025-03;2025-04;2025-05;2025-06,12
VNM.47_1,Quảng Nam,VNM.47.10_1,Nông Sơn,Huyện,True,pending,2026-10-09 22:19:29,done,ok,12,12,ok,user_reports_absent,0,2024-07;2024-08;2024-09;2024-10;2024-11;2024-12;2025-01;2025-02;2025-03;2025-04;2025-05;2025-06,12,0,2024-07;2024-08;2024-09;2024-10;2024-11;2024-12;2025-01;2025-02;2025-03;2025-04;2025-05;2025-06,12
VNM.47_1,Quảng Nam,VNM.47.11_1,Núi Thành,Huyện,True,pending,2026-10-09 22:20:57,done,ok,12,12,ok,user_reports_absent,0,2024-07;2024-08;2024-09;2024-10;2024-11;2024-12;2025-01;2025-02;2025-03;2025-04;2025-05;2025-06,12,0,2024-07;2024-08;2024-09;2024-10;2024-11;2024-12;2025-01;2025-02;2025-03;2025-04;2025-05;2025-06,12
VNM.47_1,Quảng Nam,VNM.47.12_1,Phú Ninh,Huyện,True,pending,2026-10-09 22:20:49,done,ok,12,12,ok,user_reports_absent,0,2024-07;2024-08;2024-09;2024-10;2024-11;2024-12;2025-01;2025-02;2025-03;2025-04;2025-05;2025-06,12,0,2024-07;2024-08;2024-09;2024-10;2024-11;2024-12;2025-01;2025-02;2025-03;2025-04;2025-05;2025-06,12
VNM.47_1,Quảng Nam,VNM.47.13_1,Phước Sơn,Huyện,True,pending,2026-10-09 22:22:53,done,ok,12,12,ok,user_reports_absent,0,2024-07;2024-08;2024-09;2024-10;2024-11;2024-12;2025-01;2025-02;2025-03;2025-04;2025-05;2025-06,12,0,2024-07;2024-08;2024-09;2024-10;2024-11;2024-12;2025-01;2025-02;2025-03;2025-04;2025-05;2025-06,12
VNM.47_1,Quảng Nam,VNM.47.14_1,Quế Sơn,Huyện,True,pending,2026-10-09 22:21:38,done,ok,12,12,ok,user_reports_absent,0,2024-07;2024-08;2024-09;2024-10;2024-11;2024-12;2025-01;2025-02;2025-03;2025-04;2025-05;2025-06,12,0,2024-07;2024-08;2024-09;2024-10;2024-11;2024-12;2025-01;2025-02;2025-03;2025-04;2025-05;2025-06,12
VNM.47_1,Quảng Nam,VNM.47.15_1,Tam Kỳ,Thành phố,True,pending,2026-10-09 22:22:27,done,ok,12,12,ok,user_reports_absent,0,2024-07;2024-08;2024-09;2024-10;2024-11;2024-12;2025-01;2025-02;2025-03;2025-04;2025-05;2025-06,12,0,2024-07;2024-08;2024-09;2024-10;2024-11;2024-12;2025-01;2025-02;2025-03;2025-04;2025-05;2025-06,12
VNM.47_1,Quảng Nam,VNM.47.16_1,Tây Giang,Huyện,True,pending,2026-10-09 22:23:19,done,ok,12,12,ok,user_reports_absent,0,2024-07;2024-08;2024-09;2024-10;2024-11;2024-12;2025-01;2025-02;2025-03;2025-04;2025-05;2025-06,12,0,2024-07;2024-08;2024-09;2024-10;2024-11;2024-12;2025-01;2025-02;2025-03;2025-04;2025-05;2025-06,12
VNM.47_1,Quảng Nam,VNM.47.17_1,Thăng Bình,Huyện,True,pending,2026-10-09 22:23:43,done,ok,12,12,ok,user_reports_absent,0,2024-07;2024-08;2024-09;2024-10;2024-11;2024-12;2025-01;2025-02;2025-03;2025-04;2025-05;2025-06,12,0,2024-07;2024-08;2024-09;2024-10;2024-11;2024-12;2025-01;2025-02;2025-03;2025-04;2025-05;2025-06,12
VNM.47_1,Quảng Nam,VNM.47.18_1,Tiên Phước,Huyện,True,pending,2026-10-09 22:23:51,done,ok,12,12,ok,user_reports_absent,0,2024-07;2024-08;2024-09;2024-10;2024-11;2024-12;2025-01;2025-02;2025-03;2025-04;2025-05;2025-06,12,0,2024-07;2024-08;2024-09;2024-10;2024-11;2024-12;2025-01;2025-02;2025-03;2025-04;2025-05;2025-06,12
VNM.48_1,Quảng Ngãi,VNM.48.1_1,Ba Tơ,Huyện,True,pending,2026-10-09 22:25:40,done,ok,12,12,ok,user_reports_absent,0,2024-07;2024-08;2024-09;2024-10;2024-11;2024-12;2025-01;2025-02;2025-03;2025-04;2025-05;2025-06,12,0,2024-07;2024-08;2024-09;2024-10;2024-11;2024-12;2025-01;2025-02;2025-03;2025-04;2025-05;2025-06,12
VNM.48_1,Quảng Ngãi,VNM.48.2_1,Bình Sơn,Huyện,True,pending,2026-10-09 22:26:04,done,ok,12,12,ok,user_reports_absent,0,2024-07;2024-08;2024-09;2024-10;2024-11;2024-12;2025-01;2025-02;2025-03;2025-04;2025-05;2025-06,12,0,2024-07;2024-08;2024-09;2024-10;2024-11;2024-12;2025-01;2025-02;2025-03;2025-04;2025-05;2025-06,12
VNM.48_1,Quảng Ngãi,VNM.48.3_1,Đức Phổ,Huyện,True,pending,2026-10-09 22:26:26,done,ok,12,12,ok,user_reports_absent,0,2024-07;2024-08;2024-09;2024-10;2024-11;2024-12;2025-01;2025-02;2025-03;2025-04;2025-05;2025-06,12,0,2024-07;2024-08;2024-09;2024-10;2024-11;2024-12;2025-01;2025-02;2025-03;2025-04;2025-05;2025-06,12
VNM.48_1,Quảng Ngãi,VNM.48.4_1,Lý Sơn,Huyện,True,pending,2026-10-09 22:26:18,partial,missing,12,12,ok,user_reports_absent,0,2024-07;2024-08;2024-09;2024-10;2024-11;2024-12;2025-01;2025-02;2025-03;2025-04;2025-05;2025-06,12,0,2024-07;2024-08;2024-09;2024-10;2024-11;2024-12;2025-01;2025-02;2025-03;2025-04;2025-05;2025-06,12
VNM.48_1,Quảng Ngãi,VNM.48.5_1,Mộ Đức,Huyện,True,pending,2026-10-09 22:26:50,done,ok,12,12,ok,user_reports_absent,0,2024-07;2024-08;2024-09;2024-10;2024-11;2024-12;2025-01;2025-02;2025-03;2025-04;2025-05;2025-06,12,0,2024-07;2024-08;2024-09;2024-10;2024-11;2024-12;2025-01;2025-02;2025-03;2025-04;2025-05;2025-06,12
VNM.48_1,Quảng Ngãi,VNM.48.6_1,Minh Long,Huyện,True,pending,2026-10-09 22:26:57,done,ok,12,12,ok,user_reports_absent,0,2024-07;2024-08;2024-09;2024-10;2024-11;2024-12;2025-01;2025-02;2025-03;2025-04;2025-05;2025-06,12,0,2024-07;2024-08;2024-09;2024-10;2024-11;2024-12;2025-01;2025-02;2025-03;2025-04;2025-05;2025-06,12
VNM.48_1,Quảng Ngãi,VNM.48.7_1,Nghĩa Hành,Huyện,True,pending,2026-10-09 22:27:49,done,ok,12,12,ok,user_reports_absent,0,2024-07;2024-08;2024-09;2024-10;2024-11;2024-12;2025-01;2025-02;2025-03;2025-04;2025-05;2025-06,12,0,2024-07;2024-08;2024-09;2024-10;2024-11;2024-12;2025-01;2025-02;2025-03;2025-04;2025-05;2025-06,12
VNM.48_1,Quảng Ngãi,VNM.48.8_1,Quảng Ngãi,Thành phố,True,pending,2026-10-09 22:27:52,done,ok,12,12,ok,user_reports_absent,0,2024-07;2024-08;2024-09;2024-10;2024-11;2024-12;2025-01;2025-02;2025-03;2025-04;2025-05;2025-06,12,0,2024-07;2024-08;2024-09;2024-10;2024-11;2024-12;2025-01;2025-02;2025-03;2025-04;2025-05;2025-06,12
VNM.48_1,Quảng Ngãi,VNM.48.9_1,Sơn Hà,Huyện,True,pending,2026-10-09 22:28:51,done,ok,12,12,ok,user_reports_absent,0,2024-07;2024-08;2024-09;2024-10;2024-11;2024-12;2025-01;2025-02;2025-03;2025-04;2025-05;2025-06,12,0,2024-07;2024-08;2024-09;2024-10;2024-11;2024-12;2025-01;2025-02;2025-03;2025-04;2025-05;2025-06,12
VNM.48_1,Quảng Ngãi,VNM.48.10_1,Sơn Tịnh,Huyện,True,pending,2026-10-09 22:28:43,done,ok,12,12,ok,user_reports_absent,0,2024-07;2024-08;2024-09;2024-10;2024-11;2024-12;2025-01;2025-02;2025-03;2025-04;2025-05;2025-06,12,0,2024-07;2024-08;2024-09;2024-10;2024-11;2024-12;2025-01;2025-02;2025-03;2025-04;2025-05;2025-06,12
VNM.48_1,Quảng Ngãi,VNM.48.11_1,Sơn Tây,Huyện,True,pending,2026-10-09 22:29:26,done,ok,12,12,ok,user_reports_absent,0,2024-07;2024-08;2024-09;2024-10;2024-11;2024-12;2025-01;2025-02;2025-03;2025-04;2025-05;2025-06,12,0,2024-07;2024-08;2024-09;2024-10;2024-11;2024-12;2025-01;2025-02;2025-03;2025-04;2025-05;2025-06,12
VNM.48_1,Quảng Ngãi,VNM.48.12_1,Tây Trà,Huyện,True,pending,2026-10-09 22:29:28,done,ok,12,12,ok,user_reports_absent,0,2024-07;2024-08;2024-09;2024-10;2024-11;2024-12;2025-01;2025-02;2025-03;2025-04;2025-05;2025-06,12,0,2024-07;2024-08;2024-09;2024-10;2024-11;2024-12;2025-01;2025-02;2025-03;2025-04;2025-05;2025-06,12
VNM.48_1,Quảng Ngãi,VNM.48.13_1,Trà Bồng,Huyện,True,pending,2026-10-09 22:30:28,done,ok,12,12,ok,user_reports_absent,0,2024-07;2024-08;2024-09;2024-10;2024-11;2024-12;2025-01;2025-02;2025-03;2025-04;2025-05;2025-06,12,0,2024-07;2024-08;2024-09;2024-10;2024-11;2024-12;2025-01;2025-02;2025-03;2025-04;2025-05;2025-06,12
VNM.48_1,Quảng Ngãi,VNM.48.14_1,Tư Nghĩa,Huyện,True,pending,2026-10-09 22:29:56,done,ok,12,12,ok,user_reports_absent,0,2024-07;2024-08;2024-09;2024-10;2024-11;2024-12;2025-01;2025-02;2025-03;2025-04;2025-05;2025-06,12,0,2024-07;2024-08;2024-09;2024-10;2024-11;2024-12;2025-01;2025-02;2025-03;2025-04;2025-05;2025-06,12
VNM.49_1,Quảng Ninh,VNM.49.1_1,Ba Chẽ,Huyện,True,pending,2026-10-09 22:30:51,done,ok,12,12,ok,user_reports_absent,0,2024-07;2024-08;2024-09;2024-10;2024-11;2024-12;2025-01;2025-02;2025-03;2025-04;2025-05;2025-06,12,0,2024-07;2024-08;2024-09;2024-10;2024-11;2024-12;2025-01;2025-02;2025-03;2025-04;2025-05;2025-06,12
VNM.49_1,Quảng Ninh,VNM.49.2_1,Bình Liêu,Huyện,True,pending,2026-10-09 22:31:08,done,ok,12,12,ok,user_reports_absent,0,2024-07;2024-08;2024-09;2024-10;2024-11;2024-12;2025-01;2025-02;2025-03;2025-04;2025-05;2025-06,12,0,2024-07;2024-08;2024-09;2024-10;2024-11;2024-12;2025-01;2025-02;2025-03;2025-04;2025-05;2025-06,12
VNM.49_1,Quảng Ninh,VNM.49.3_1,Cẩm Phả,Thành phố,True,pending,2026-10-09 22:31:53,done,ok,12,12,ok,user_reports_absent,0,2024-07;2024-08;2024-09;2024-10;2024-11;2024-12;2025-01;2025-02;2025-03;2025-04;2025-05;2025-06,12,0,2024-07;2024-08;2024-09;2024-10;2024-11;2024-12;2025-01;2025-02;2025-03;2025-04;2025-05;2025-06,12
VNM.49_1,Quảng Ninh,VNM.49.4_1,Cô Tô,Huyện,True,pending,2026-10-09 22:32:22,done,ok,12,12,ok,user_reports_absent,0,2024-07;2024-08;2024-09;2024-10;2024-11;2024-12;2025-01;2025-02;2025-03;2025-04;2025-05;2025-06,12,0,2024-07;2024-08;2024-09;2024-10;2024-11;2024-12;2025-01;2025-02;2025-03;2025-04;2025-05;2025-06,12
VNM.49_1,Quảng Ninh,VNM.49.5_1,Đầm Hà,Huyện,True,pending,2026-10-09 22:32:22,done,ok,12,12,ok,user_reports_absent,0,2024-07;2024-08;2024-09;2024-10;2024-11;2024-12;2025-01;2025-02;2025-03;2025-04;2025-05;2025-06,12,0,2024-07;2024-08;2024-09;2024-10;2024-11;2024-12;2025-01;2025-02;2025-03;2025-04;2025-05;2025-06,12
VNM.49_1,Quảng Ninh,VNM.49.6_1,Đông Triều,Thị xã,True,pending,2026-10-09 22:32:57,done,ok,12,12,ok,user_reports_absent,0,2024-07;2024-08;2024-09;2024-10;2024-11;2024-12;2025-01;2025-02;2025-03;2025-04;2025-05;2025-06,12,0,2024-07;2024-08;2024-09;2024-10;2024-11;2024-12;2025-01;2025-02;2025-03;2025-04;2025-05;2025-06,12
VNM.49_1,Quảng Ninh,VNM.49.7_1,Hạ Long,Thành phố,True,pending,2026-10-09 22:32:45,done,ok,12,12,ok,user_reports_absent,0,2024-07;2024-08;2024-09;2024-10;2024-11;2024-12;2025-01;2025-02;2025-03;2025-04;2025-05;2025-06,12,0,2024-07;2024-08;2024-09;2024-10;2024-11;2024-12;2025-01;2025-02;2025-03;2025-04;2025-05;2025-06,12
VNM.49_1,Quảng Ninh,VNM.49.8_1,Hải Hà,Huyện,True,pending,2026-10-09 22:33:29,done,ok,12,12,ok,user_reports_absent,0,2024-07;2024-08;2024-09;2024-10;2024-11;2024-12;2025-01;2025-02;2025-03;2025-04;2025-05;2025-06,12,0,2024-07;2024-08;2024-09;2024-10;2024-11;2024-12;2025-01;2025-02;2025-03;2025-04;2025-05;2025-06,12
VNM.49_1,Quảng Ninh,VNM.49.9_1,Hoành Bồ,Huyện,True,pending,2026-10-09 22:33:46,done,ok,12,12,ok,user_reports_absent,0,2024-07;2024-08;2024-09;2024-10;2024-11;2024-12;2025-01;2025-02;2025-03;2025-04;2025-05;2025-06,12,0,2024-07;2024-08;2024-09;2024-10;2024-11;2024-12;2025-01;2025-02;2025-03;2025-04;2025-05;2025-06,12
VNM.49_1,Quảng Ninh,VNM.49.10_1,Móng Cái,Thành phố,True,pending,2026-10-09 22:34:20,done,ok,12,12,ok,user_reports_absent,0,2024-07;2024-08;2024-09;2024-10;2024-11;2024-12;2025-01;2025-02;2025-03;2025-04;2025-05;2025-06,12,0,2024-07;2024-08;2024-09;2024-10;2024-11;2024-12;2025-01;2025-02;2025-03;2025-04;2025-05;2025-06,12
VNM.49_1,Quảng Ninh,VNM.49.11_1,Quảng Yên,Thị xã,True,pending,2026-10-09 22:34:11,done,ok,12,12,ok,user_reports_absent,0,2024-07;2024-08;2024-09;2024-10;2024-11;2024-12;2025-01;2025-02;2025-03;2025-04;2025-05;2025-06,12,0,2024-07;2024-08;2024-09;2024-10;2024-11;2024-12;2025-01;2025-02;2025-03;2025-04;2025-05;2025-06,12
VNM.49_1,Quảng Ninh,VNM.49.12_1,Tiên Yên,Huyện,True,pending,2026-10-09 22:35:37,done,ok,12,12,ok,user_reports_absent,0,2024-07;2024-08;2024-09;2024-10;2024-11;2024-12;2025-01;2025-02;2025-03;2025-04;2025-05;2025-06,12,0,2024-07;2024-08;2024-09;2024-10;2024-11;2024-12;2025-01;2025-02;2025-03;2025-04;2025-05;2025-06,12
VNM.49_1,Quảng Ninh,VNM.49.13_1,Uông Bí,Thành phố,True,pending,2026-10-09 22:34:43,done,ok,12,12,ok,user_reports_absent,0,2024-07;2024-08;2024-09;2024-10;2024-11;2024-12;2025-01;2025-02;2025-03;2025-04;2025-05;2025-06,12,0,2024-07;2024-08;2024-09;2024-10;2024-11;2024-12;2025-01;2025-02;2025-03;2025-04;2025-05;2025-06,12
VNM.49_1,Quảng Ninh,VNM.49.14_1,Vân Đồn,Huyện,True,pending,2026-10-09 22:37:33,done,ok,12,12,ok,user_reports_absent,0,2024-07;2024-08;2024-09;2024-10;2024-11;2024-12;2025-01;2025-02;2025-03;2025-04;2025-05;2025-06,12,0,2024-07;2024-08;2024-09;2024-10;2024-11;2024-12;2025-01;2025-02;2025-03;2025-04;2025-05;2025-06,12
VNM.50_1,Quảng Trị,VNM.50.1_1,Cồn Cỏ,Huyện,True,pending,2026-10-09 22:35:48,done,ok,12,12,ok,user_reports_absent,0,2024-07;2024-08;2024-09;2024-10;2024-11;2024-12;2025-01;2025-02;2025-03;2025-04;2025-05;2025-06,12,0,2024-07;2024-08;2024-09;2024-10;2024-11;2024-12;2025-01;2025-02;2025-03;2025-04;2025-05;2025-06,12
VNM.50_1,Quảng Trị,VNM.50.2_1,Cam Lộ,Huyện,True,pending,2026-10-09 22:36:19,done,ok,12,12,ok,user_reports_absent,0,2024-07;2024-08;2024-09;2024-10;2024-11;2024-12;2025-01;2025-02;2025-03;2025-04;2025-05;2025-06,12,0,2024-07;2024-08;2024-09;2024-10;2024-11;2024-12;2025-01;2025-02;2025-03;2025-04;2025-05;2025-06,12
VNM.50_1,Quảng Trị,VNM.50.3_1,Đa Krông,Huyện,True,pending,2026-10-09 22:38:46,done,ok,12,12,ok,user_reports_absent,0,2024-07;2024-08;2024-09;2024-10;2024-11;2024-12;2025-01;2025-02;2025-03;2025-04;2025-05;2025-06,12,0,2024-07;2024-08;2024-09;2024-10;2024-11;2024-12;2025-01;2025-02;2025-03;2025-04;2025-05;2025-06,12
VNM.50_1,Quảng Trị,VNM.50.4_1,Đông Hà,Thành phố,True,pending,2026-10-09 22:38:21,done,ok,12,12,ok,user_reports_absent,0,2024-07;2024-08;2024-09;2024-10;2024-11;2024-12;2025-01;2025-02;2025-03;2025-04;2025-05;2025-06,12,0,2024-07;2024-08;2024-09;2024-10;2024-11;2024-12;2025-01;2025-02;2025-03;2025-04;2025-05;2025-06,12
VNM.50_1,Quảng Trị,VNM.50.5_1,Gio Linh,Huyện,True,pending,2026-10-09 22:39:14,done,ok,12,12,ok,user_reports_absent,0,2024-07;2024-08;2024-09;2024-10;2024-11;2024-12;2025-01;2025-02;2025-03;2025-04;2025-05;2025-06,12,0,2024-07;2024-08;2024-09;2024-10;2024-11;2024-12;2025-01;2025-02;2025-03;2025-04;2025-05;2025-06,12
VNM.50_1,Quảng Trị,VNM.50.6_1,Hải Lăng,Huyện,True,pending,2026-10-09 22:39:25,done,ok,12,12,ok,user_reports_absent,0,2024-07;2024-08;2024-09;2024-10;2024-11;2024-12;2025-01;2025-02;2025-03;2025-04;2025-05;2025-06,12,0,2024-07;2024-08;2024-09;2024-10;2024-11;2024-12;2025-01;2025-02;2025-03;2025-04;2025-05;2025-06,12
VNM.50_1,Quảng Trị,VNM.50.7_1,Hướng Hóa,Huyện,True,pending,2026-10-09 22:40:25,done,ok,12,12,ok,user_reports_absent,0,2024-07;2024-08;2024-09;2024-10;2024-11;2024-12;2025-01;2025-02;2025-03;2025-04;2025-05;2025-06,12,0,2024-07;2024-08;2024-09;2024-10;2024-11;2024-12;2025-01;2025-02;2025-03;2025-04;2025-05;2025-06,12
VNM.50_1,Quảng Trị,VNM.50.8_1,Quảng Trị,Thị xã,True,pending,2026-10-09 22:39:43,done,ok,12,12,ok,user_reports_absent,0,2024-07;2024-08;2024-09;2024-10;2024-11;2024-12;2025-01;2025-02;2025-03;2025-04;2025-05;2025-06,12,0,2024-07;2024-08;2024-09;2024-10;2024-11;2024-12;2025-01;2025-02;2025-03;2025-04;2025-05;2025-06,12
VNM.50_1,Quảng Trị,VNM.50.9_1,Triệu Phong,Huyện,True,pending,2026-10-09 22:41:03,done,ok,12,12,ok,user_reports_absent,0,2024-07;2024-08;2024-09;2024-10;2024-11;2024-12;2025-01;2025-02;2025-03;2025-04;2025-05;2025-06,12,0,2024-07;2024-08;2024-09;2024-10;2024-11;2024-12;2025-01;2025-02;2025-03;2025-04;2025-05;2025-06,12
VNM.50_1,Quảng Trị,VNM.50.10_1,Vĩnh Linh,Huyện,True,pending,2026-10-09 22:42:17,done,ok,12,12,ok,user_reports_absent,0,2024-07;2024-08;2024-09;2024-10;2024-11;2024-12;2025-01;2025-02;2025-03;2025-04;2025-05;2025-06,12,0,2024-07;2024-08;2024-09;2024-10;2024-11;2024-12;2025-01;2025-02;2025-03;2025-04;2025-05;2025-06,12
VNM.51_1,Sóc Trăng,VNM.51.1_1,Châu Thành,Huyện,True,pending,2026-10-09 22:41:28,done,ok,12,12,ok,user_reports_absent,0,2024-07;2024-08;2024-09;2024-10;2024-11;2024-12;2025-01;2025-02;2025-03;2025-04;2025-05;2025-06,12,0,2024-07;2024-08;2024-09;2024-10;2024-11;2024-12;2025-01;2025-02;2025-03;2025-04;2025-05;2025-06,12
VNM.51_1,Sóc Trăng,VNM.51.2_1,Cù Lao Dung,Huyện,True,pending,2026-10-09 22:42:07,done,ok,12,12,ok,user_reports_absent,0,2024-07;2024-08;2024-09;2024-10;2024-11;2024-12;2025-01;2025-02;2025-03;2025-04;2025-05;2025-06,12,0,2024-07;2024-08;2024-09;2024-10;2024-11;2024-12;2025-01;2025-02;2025-03;2025-04;2025-05;2025-06,12
VNM.51_1,Sóc Trăng,VNM.51.3_1,Kế Sách,Huyện,True,pending,2026-10-09 22:43:47,done,ok,12,12,ok,user_reports_absent,0,2024-07;2024-08;2024-09;2024-10;2024-11;2024-12;2025-01;2025-02;2025-03;2025-04;2025-05;2025-06,12,0,2024-07;2024-08;2024-09;2024-10;2024-11;2024-12;2025-01;2025-02;2025-03;2025-04;2025-05;2025-06,12
VNM.51_1,Sóc Trăng,VNM.51.4_1,Long Phú,Huyện,True,pending,2026-10-09 22:43:19,done,ok,12,12,ok,user_reports_absent,0,2024-07;2024-08;2024-09;2024-10;2024-11;2024-12;2025-01;2025-02;2025-03;2025-04;2025-05;2025-06,12,0,2024-07;2024-08;2024-09;2024-10;2024-11;2024-12;2025-01;2025-02;2025-03;2025-04;2025-05;2025-06,12
VNM.51_1,Sóc Trăng,VNM.51.5_1,Mỹ Tú,Huyện,True,pending,2026-10-09 22:43:46,done,ok,12,12,ok,user_reports_absent,0,2024-07;2024-08;2024-09;2024-10;2024-11;2024-12;2025-01;2025-02;2025-03;2025-04;2025-05;2025-06,12,0,2024-07;2024-08;2024-09;2024-10;2024-11;2024-12;2025-01;2025-02;2025-03;2025-04;2025-05;2025-06,12
VNM.51_1,Sóc Trăng,VNM.51.6_1,Mỹ Xuyên,Huyện,True,pending,2026-10-09 22:44:18,done,ok,12,12,ok,user_reports_absent,0,2024-07;2024-08;2024-09;2024-10;2024-11;2024-12;2025-01;2025-02;2025-03;2025-04;2025-05;2025-06,12,0,2024-07;2024-08;2024-09;2024-10;2024-11;2024-12;2025-01;2025-02;2025-03;2025-04;2025-05;2025-06,12
VNM.51_1,Sóc Trăng,VNM.51.7_1,Ngã Năm,Thị xã,True,pending,2026-10-09 22:44:11,done,ok,12,12,ok,user_reports_absent,0,2024-07;2024-08;2024-09;2024-10;2024-11;2024-12;2025-01;2025-02;2025-03;2025-04;2025-05;2025-06,12,0,2024-07;2024-08;2024-09;2024-10;2024-11;2024-12;2025-01;2025-02;2025-03;2025-04;2025-05;2025-06,12
VNM.51_1,Sóc Trăng,VNM.51.8_1,Sóc Trăng,Thành phố,True,pending,2026-10-09 22:44:28,done,ok,12,12,ok,user_reports_absent,0,2024-07;2024-08;2024-09;2024-10;2024-11;2024-12;2025-01;2025-02;2025-03;2025-04;2025-05;2025-06,12,0,2024-07;2024-08;2024-09;2024-10;2024-11;2024-12;2025-01;2025-02;2025-03;2025-04;2025-05;2025-06,12
VNM.51_1,Sóc Trăng,VNM.51.9_1,Thạnh Trị,Huyện,True,pending,2026-10-09 22:45:24,done,ok,12,12,ok,user_reports_absent,0,2024-07;2024-08;2024-09;2024-10;2024-11;2024-12;2025-01;2025-02;2025-03;2025-04;2025-05;2025-06,12,0,2024-07;2024-08;2024-09;2024-10;2024-11;2024-12;2025-01;2025-02;2025-03;2025-04;2025-05;2025-06,12
VNM.51_1,Sóc Trăng,VNM.51.10_1,Trần Đề,Huyện,True,pending,2026-10-09 22:45:30,done,ok,12,12,ok,user_reports_absent,0,2024-07;2024-08;2024-09;2024-10;2024-11;2024-12;2025-01;2025-02;2025-03;2025-04;2025-05;2025-06,12,0,2024-07;2024-08;2024-09;2024-10;2024-11;2024-12;2025-01;2025-02;2025-03;2025-04;2025-05;2025-06,12
VNM.51_1,Sóc Trăng,VNM.51.11_1,Vĩnh Châu,Thị xã,True,pending,2026-10-09 22:45:58,done,ok,12,12,ok,user_reports_absent,0,2024-07;2024-08;2024-09;2024-10;2024-11;2024-12;2025-01;2025-02;2025-03;2025-04;2025-05;2025-06,12,0,2024-07;2024-08;2024-09;2024-10;2024-11;2024-12;2025-01;2025-02;2025-03;2025-04;2025-05;2025-06,12
VNM.52_1,Sơn La,VNM.52.1_1,Bắc Yên,Huyện,True,pending,2026-10-09 22:47:26,done,ok,12,12,ok,user_reports_absent,0,2024-07;2024-08;2024-09;2024-10;2024-11;2024-12;2025-01;2025-02;2025-03;2025-04;2025-05;2025-06,12,0,2024-07;2024-08;2024-09;2024-10;2024-11;2024-12;2025-01;2025-02;2025-03;2025-04;2025-05;2025-06,12
VNM.52_1,Sơn La,VNM.52.2_1,Mộc Châu,Huyện,True,pending,2026-10-09 22:47:47,done,ok,12,12,ok,user_reports_absent,0,2024-07;2024-08;2024-09;2024-10;2024-11;2024-12;2025-01;2025-02;2025-03;2025-04;2025-05;2025-06,12,0,2024-07;2024-08;2024-09;2024-10;2024-11;2024-12;2025-01;2025-02;2025-03;2025-04;2025-05;2025-06,12
VNM.52_1,Sơn La,VNM.52.3_1,Mai Sơn,Huyện,True,pending,2026-10-09 22:50:18,done,ok,12,12,ok,user_reports_absent,0,2024-07;2024-08;2024-09;2024-10;2024-11;2024-12;2025-01;2025-02;2025-03;2025-04;2025-05;2025-06,12,0,2024-07;2024-08;2024-09;2024-10;2024-11;2024-12;2025-01;2025-02;2025-03;2025-04;2025-05;2025-06,12
VNM.52_1,Sơn La,VNM.52.4_1,Mường La,Huyện,True,pending,2026-10-09 22:50:45,done,ok,12,12,ok,user_reports_absent,0,2024-07;2024-08;2024-09;2024-10;2024-11;2024-12;2025-01;2025-02;2025-03;2025-04;2025-05;2025-06,12,0,2024-07;2024-08;2024-09;2024-10;2024-11;2024-12;2025-01;2025-02;2025-03;2025-04;2025-05;2025-06,12
VNM.52_1,Sơn La,VNM.52.5_1,Phù Yên,Huyện,True,pending,2026-10-09 22:51:48,done,ok,12,12,ok,user_reports_absent,0,2024-07;2024-08;2024-09;2024-10;2024-11;2024-12;2025-01;2025-02;2025-03;2025-04;2025-05;2025-06,12,0,2024-07;2024-08;2024-09;2024-10;2024-11;2024-12;2025-01;2025-02;2025-03;2025-04;2025-05;2025-06,12
VNM.52_1,Sơn La,VNM.52.6_1,Quỳnh Nhai,Huyện,True,pending,2026-10-09 22:51:59,done,ok,12,12,ok,user_reports_absent,0,2024-07;2024-08;2024-09;2024-10;2024-11;2024-12;2025-01;2025-02;2025-03;2025-04;2025-05;2025-06,12,0,2024-07;2024-08;2024-09;2024-10;2024-11;2024-12;2025-01;2025-02;2025-03;2025-04;2025-05;2025-06,12
VNM.52_1,Sơn La,VNM.52.7_1,Sốp Cộp,Huyện,True,pending,2026-10-09 22:54:34,done,ok,12,12,ok,user_reports_absent,0,2024-07;2024-08;2024-09;2024-10;2024-11;2024-12;2025-01;2025-02;2025-03;2025-04;2025-05;2025-06,12,0,2024-07;2024-08;2024-09;2024-10;2024-11;2024-12;2025-01;2025-02;2025-03;2025-04;2025-05;2025-06,12
VNM.52_1,Sơn La,VNM.52.8_1,Sơn La,Thành phố,True,pending,2026-10-09 22:52:28,done,ok,12,12,ok,user_reports_absent,0,2024-07;2024-08;2024-09;2024-10;2024-11;2024-12;2025-01;2025-02;2025-03;2025-04;2025-05;2025-06,12,0,2024-07;2024-08;2024-09;2024-10;2024-11;2024-12;2025-01;2025-02;2025-03;2025-04;2025-05;2025-06,12
VNM.52_1,Sơn La,VNM.52.9_1,Sông Mã,Huyện,True,pending,2026-10-09 22:56:17,done,ok,12,12,ok,user_reports_absent,0,2024-07;2024-08;2024-09;2024-10;2024-11;2024-12;2025-01;2025-02;2025-03;2025-04;2025-05;2025-06,12,0,2024-07;2024-08;2024-09;2024-10;2024-11;2024-12;2025-01;2025-02;2025-03;2025-04;2025-05;2025-06,12
VNM.52_1,Sơn La,VNM.52.10_1,Thuận Châu,Huyện,True,pending,2026-10-09 22:57:24,done,ok,12,12,ok,user_reports_absent,0,2024-07;2024-08;2024-09;2024-10;2024-11;2024-12;2025-01;2025-02;2025-03;2025-04;2025-05;2025-06,12,0,2024-07;2024-08;2024-09;2024-10;2024-11;2024-12;2025-01;2025-02;2025-03;2025-04;2025-05;2025-06,12
VNM.52_1,Sơn La,VNM.52.11_1,Vân Hồ,Huyện,True,pending,2026-10-09 22:58:02,done,ok,12,12,ok,user_reports_absent,0,2024-07;2024-08;2024-09;2024-10;2024-11;2024-12;2025-01;2025-02;2025-03;2025-04;2025-05;2025-06,12,0,2024-07;2024-08;2024-09;2024-10;2024-11;2024-12;2025-01;2025-02;2025-03;2025-04;2025-05;2025-06,12
VNM.52_1,Sơn La,VNM.52.12_1,Yên Châu,Huyện,True,pending,2026-10-09 22:59:06,done,ok,12,12,ok,user_reports_absent,0,2024-07;2024-08;2024-09;2024-10;2024-11;2024-12;2025-01;2025-02;2025-03;2025-04;2025-05;2025-06,12,0,2024-07;2024-08;2024-09;2024-10;2024-11;2024-12;2025-01;2025-02;2025-03;2025-04;2025-05;2025-06,12
VNM.53_1,Tây Ninh,VNM.53.1_1,Bến Cầu,Huyện,True,pending,2026-10-09 22:58:25,done,ok,12,12,ok,user_reports_absent,0,2024-07;2024-08;2024-09;2024-10;2024-11;2024-12;2025-01;2025-02;2025-03;2025-04;2025-05;2025-06,12,0,2024-07;2024-08;2024-09;2024-10;2024-11;2024-12;2025-01;2025-02;2025-03;2025-04;2025-05;2025-06,12
VNM.53_1,Tây Ninh,VNM.53.2_1,Châu Thành,Huyện,True,pending,2026-10-09 22:59:38,done,ok,12,12,ok,user_reports_absent,0,2024-07;2024-08;2024-09;2024-10;2024-11;2024-12;2025-01;2025-02;2025-03;2025-04;2025-05;2025-06,12,0,2024-07;2024-08;2024-09;2024-10;2024-11;2024-12;2025-01;2025-02;2025-03;2025-04;2025-05;2025-06,12
VNM.53_1,Tây Ninh,VNM.53.3_1,Dương Minh Châu,Huyện,True,pending,2026-10-09 23:00:12,done,ok,12,12,ok,user_reports_absent,0,2024-07;2024-08;2024-09;2024-10;2024-11;2024-12;2025-01;2025-02;2025-03;2025-04;2025-05;2025-06,12,0,2024-07;2024-08;2024-09;2024-10;2024-11;2024-12;2025-01;2025-02;2025-03;2025-04;2025-05;2025-06,12
VNM.53_1,Tây Ninh,VNM.53.4_1,Gò Dầu,Huyện,True,pending,2026-10-09 23:00:10,done,ok,12,12,ok,user_reports_absent,0,2024-07;2024-08;2024-09;2024-10;2024-11;2024-12;2025-01;2025-02;2025-03;2025-04;2025-05;2025-06,12,0,2024-07;2024-08;2024-09;2024-10;2024-11;2024-12;2025-01;2025-02;2025-03;2025-04;2025-05;2025-06,12
VNM.53_1,Tây Ninh,VNM.53.5_1,Hòa Thành,Huyện,True,pending,2026-10-09 23:00:32,done,ok,12,12,ok,user_reports_absent,0,2024-07;2024-08;2024-09;2024-10;2024-11;2024-12;2025-01;2025-02;2025-03;2025-04;2025-05;2025-06,12,0,2024-07;2024-08;2024-09;2024-10;2024-11;2024-12;2025-01;2025-02;2025-03;2025-04;2025-05;2025-06,12
VNM.53_1,Tây Ninh,VNM.53.6_1,Tân Biên,Huyện,True,pending,2026-10-09 23:01:46,done,ok,12,12,ok,user_reports_absent,0,2024-07;2024-08;2024-09;2024-10;2024-11;2024-12;2025-01;2025-02;2025-03;2025-04;2025-05;2025-06,12,0,2024-07;2024-08;2024-09;2024-10;2024-11;2024-12;2025-01;2025-02;2025-03;2025-04;2025-05;2025-06,12
VNM.53_1,Tây Ninh,VNM.53.7_1,Tân Châu,Huyện,True,pending,2026-10-09 23:02:44,done,ok,12,12,ok,user_reports_absent,0,2024-07;2024-08;2024-09;2024-10;2024-11;2024-12;2025-01;2025-02;2025-03;2025-04;2025-05;2025-06,12,0,2024-07;2024-08;2024-09;2024-10;2024-11;2024-12;2025-01;2025-02;2025-03;2025-04;2025-05;2025-06,12
VNM.53_1,Tây Ninh,VNM.53.8_1,Tây Ninh,Thành phố,True,pending,2026-10-09 23:02:07,done,ok,12,12,ok,user_reports_absent,0,2024-07;2024-08;2024-09;2024-10;2024-11;2024-12;2025-01;2025-02;2025-03;2025-04;2025-05;2025-06,12,0,2024-07;2024-08;2024-09;2024-10;2024-11;2024-12;2025-01;2025-02;2025-03;2025-04;2025-05;2025-06,12
VNM.53_1,Tây Ninh,VNM.53.9_1,Trảng Bàng,Huyện,True,pending,2026-10-09 23:02:46,done,ok,12,12,ok,user_reports_absent,0,2024-07;2024-08;2024-09;2024-10;2024-11;2024-12;2025-01;2025-02;2025-03;2025-04;2025-05;2025-06,12,0,2024-07;2024-08;2024-09;2024-10;2024-11;2024-12;2025-01;2025-02;2025-03;2025-04;2025-05;2025-06,12
VNM.54_1,Thừa Thiên Huế,VNM.54.1_1,A Lưới,Huyện,True,pending,2026-10-09 23:05:23,done,ok,12,12,ok,user_reports_absent,0,2024-07;2024-08;2024-09;2024-10;2024-11;2024-12;2025-01;2025-02;2025-03;2025-04;2025-05;2025-06,12,0,2024-07;2024-08;2024-09;2024-10;2024-11;2024-12;2025-01;2025-02;2025-03;2025-04;2025-05;2025-06,12
VNM.54_1,Thừa Thiên Huế,VNM.54.2_1,Huế,Thành phố,True,pending,2026-10-09 23:03:41,done,ok,12,12,ok,user_reports_absent,0,2024-07;2024-08;2024-09;2024-10;2024-11;2024-12;2025-01;2025-02;2025-03;2025-04;2025-05;2025-06,12,0,2024-07;2024-08;2024-09;2024-10;2024-11;2024-12;2025-01;2025-02;2025-03;2025-04;2025-05;2025-06,12
VNM.54_1,Thừa Thiên Huế,VNM.54.3_1,Hương Thủy,Thị xã,True,pending,2026-10-09 23:05:20,done,ok,12,12,ok,user_reports_absent,0,2024-07;2024-08;2024-09;2024-10;2024-11;2024-12;2025-01;2025-02;2025-03;2025-04;2025-05;2025-06,12,0,2024-07;2024-08;2024-09;2024-10;2024-11;2024-12;2025-01;2025-02;2025-03;2025-04;2025-05;2025-06,12
VNM.54_1,Thừa Thiên Huế,VNM.54.4_1,Hương Trà,Thị xã,True,pending,2026-10-09 23:06:37,done,ok,12,12,ok,user_reports_absent,0,2024-07;2024-08;2024-09;2024-10;2024-11;2024-12;2025-01;2025-02;2025-03;2025-04;2025-05;2025-06,12,0,2024-07;2024-08;2024-09;2024-10;2024-11;2024-12;2025-01;2025-02;2025-03;2025-04;2025-05;2025-06,12
VNM.54_1,Thừa Thiên Huế,VNM.54.5_1,Nam Đông,Huyện,True,pending,2026-10-09 23:06:26,done,ok,12,12,ok,user_reports_absent,0,2024-07;2024-08;2024-09;2024-10;2024-11;2024-12;2025-01;2025-02;2025-03;2025-04;2025-05;2025-06,12,0,2024-07;2024-08;2024-09;2024-10;2024-11;2024-12;2025-01;2025-02;2025-03;2025-04;2025-05;2025-06,12
VNM.54_1,Thừa Thiên Huế,VNM.54.6_1,Phong Điền,Huyện,True,pending,2026-10-09 23:07:40,done,ok,12,12,ok,user_reports_absent,0,2024-07;2024-08;2024-09;2024-10;2024-11;2024-12;2025-01;2025-02;2025-03;2025-04;2025-05;2025-06,12,0,2024-07;2024-08;2024-09;2024-10;2024-11;2024-12;2025-01;2025-02;2025-03;2025-04;2025-05;2025-06,12
VNM.54_1,Thừa Thiên Huế,VNM.54.7_1,Phú Lộc,Huyện,True,pending,2026-10-09 23:09:32,done,ok,12,12,ok,user_reports_absent,0,2024-07;2024-08;2024-09;2024-10;2024-11;2024-12;2025-01;2025-02;2025-03;2025-04;2025-05;2025-06,12,0,2024-07;2024-08;2024-09;2024-10;2024-11;2024-12;2025-01;2025-02;2025-03;2025-04;2025-05;2025-06,12
VNM.54_1,Thừa Thiên Huế,VNM.54.8_1,Phú Vang,Huyện,True,pending,2026-10-09 23:09:15,done,ok,12,12,ok,user_reports_absent,0,2024-07;2024-08;2024-09;2024-10;2024-11;2024-12;2025-01;2025-02;2025-03;2025-04;2025-05;2025-06,12,0,2024-07;2024-08;2024-09;2024-10;2024-11;2024-12;2025-01;2025-02;2025-03;2025-04;2025-05;2025-06,12
VNM.54_1,Thừa Thiên Huế,VNM.54.9_1,Quảng Điền,Huyện,True,pending,2026-10-09 23:09:38,done,ok,12,12,ok,user_reports_absent,0,2024-07;2024-08;2024-09;2024-10;2024-11;2024-12;2025-01;2025-02;2025-03;2025-04;2025-05;2025-06,12,0,2024-07;2024-08;2024-09;2024-10;2024-11;2024-12;2025-01;2025-02;2025-03;2025-04;2025-05;2025-06,12
VNM.55_1,Thái Bình,VNM.55.1_1,Đông Hưng,Huyện,False,pending,2026-10-09 23:10:25,done,ok,12,12,ok,not_verified_from_csv_or_progress,0,2024-07;2024-08;2024-09;2024-10;2024-11;2024-12;2025-01;2025-02;2025-03;2025-04;2025-05;2025-06,12,0,2024-07;2024-08;2024-09;2024-10;2024-11;2024-12;2025-01;2025-02;2025-03;2025-04;2025-05;2025-06,12
VNM.55_1,Thái Bình,VNM.55.2_1,Hưng Hà,Huyện,False,pending,2026-10-09 23:10:35,done,ok,12,12,ok,not_verified_from_csv_or_progress,0,2024-07;2024-08;2024-09;2024-10;2024-11;2024-12;2025-01;2025-02;2025-03;2025-04;2025-05;2025-06,12,0,2024-07;2024-08;2024-09;2024-10;2024-11;2024-12;2025-01;2025-02;2025-03;2025-04;2025-05;2025-06,12
VNM.55_1,Thái Bình,VNM.55.3_1,Kiến Xương,Huyện,False,pending,2026-10-09 23:10:48,done,ok,12,12,ok,not_verified_from_csv_or_progress,0,2024-07;2024-08;2024-09;2024-10;2024-11;2024-12;2025-01;2025-02;2025-03;2025-04;2025-05;2025-06,12,0,2024-07;2024-08;2024-09;2024-10;2024-11;2024-12;2025-01;2025-02;2025-03;2025-04;2025-05;2025-06,12
VNM.55_1,Thái Bình,VNM.55.4_1,Quỳnh Phụ,Huyện,False,pending,2026-10-09 23:11:02,done,ok,12,12,ok,not_verified_from_csv_or_progress,0,2024-07;2024-08;2024-09;2024-10;2024-11;2024-12;2025-01;2025-02;2025-03;2025-04;2025-05;2025-06,12,0,2024-07;2024-08;2024-09;2024-10;2024-11;2024-12;2025-01;2025-02;2025-03;2025-04;2025-05;2025-06,12
VNM.55_1,Thái Bình,VNM.55.5_1,Thái Bình,Thành phố,False,pending,2026-10-09 23:11:03,done,ok,12,12,ok,not_verified_from_csv_or_progress,0,2024-07;2024-08;2024-09;2024-10;2024-11;2024-12;2025-01;2025-02;2025-03;2025-04;2025-05;2025-06,12,0,2024-07;2024-08;2024-09;2024-10;2024-11;2024-12;2025-01;2025-02;2025-03;2025-04;2025-05;2025-06,12
VNM.55_1,Thái Bình,VNM.55.6_1,Thái Thụy,Huyện,False,pending,2026-10-09 23:11:30,done,ok,12,12,ok,not_verified_from_csv_or_progress,0,2024-07;2024-08;2024-09;2024-10;2024-11;2024-12;2025-01;2025-02;2025-03;2025-04;2025-05;2025-06,12,0,2024-07;2024-08;2024-09;2024-10;2024-11;2024-12;2025-01;2025-02;2025-03;2025-04;2025-05;2025-06,12
VNM.55_1,Thái Bình,VNM.55.7_1,Tiền Hải,Huyện,False,pending,2026-10-09 23:11:29,done,ok,12,12,ok,not_verified_from_csv_or_progress,0,2024-07;2024-08;2024-09;2024-10;2024-11;2024-12;2025-01;2025-02;2025-03;2025-04;2025-05;2025-06,12,0,2024-07;2024-08;2024-09;2024-10;2024-11;2024-12;2025-01;2025-02;2025-03;2025-04;2025-05;2025-06,12
VNM.55_1,Thái Bình,VNM.55.8_1,Vũ Thư,Huyện,False,pending,,not_in_supplied_log,,,,,not_verified_from_csv_or_progress,12,,2,12,,1
VNM.56_1,Thái Nguyên,VNM.56.1_1,Đại Từ,Huyện,False,pending,,not_in_supplied_log,,,,,not_verified_from_csv_or_progress,12,,0,12,,0
VNM.56_1,Thái Nguyên,VNM.56.2_1,Định Hóa,Huyện,False,pending,,not_in_supplied_log,,,,,not_verified_from_csv_or_progress,11,2025-02,0,12,,0
VNM.56_1,Thái Nguyên,VNM.56.3_1,Đồng Hỷ,Huyện,False,pending,,not_in_supplied_log,,,,,not_verified_from_csv_or_progress,12,,0,12,,0
VNM.56_1,Thái Nguyên,VNM.56.4_1,Phổ Yên,Thị xã,False,pending,,not_in_supplied_log,,,,,not_verified_from_csv_or_progress,12,,0,12,,0
VNM.56_1,Thái Nguyên,VNM.56.5_1,Phú Bình,Huyện,False,pending,,not_in_supplied_log,,,,,not_verified_from_csv_or_progress,12,,0,12,,0
VNM.56_1,Thái Nguyên,VNM.56.6_1,Phú Lương,Huyện,False,pending,,not_in_supplied_log,,,,,not_verified_from_csv_or_progress,12,,0,12,,0
VNM.56_1,Thái Nguyên,VNM.56.7_1,Sông Công,Thành phố,False,pending,,not_in_supplied_log,,,,,not_verified_from_csv_or_progress,12,,0,12,,0
VNM.56_1,Thái Nguyên,VNM.56.8_1,Thái Nguyên,Thành phố,False,pending,,not_in_supplied_log,,,,,not_verified_from_csv_or_progress,12,,0,12,,0
VNM.56_1,Thái Nguyên,VNM.56.9_1,Võ Nhai,Huyện,False,pending,,not_in_supplied_log,,,,,not_verified_from_csv_or_progress,12,,0,12,,0
VNM.57_1,Thanh Hóa,VNM.57.1_1,Bỉm Sơn,Thị xã,False,pending,,not_in_supplied_log,,,,,not_verified_from_csv_or_progress,12,,0,12,,0
VNM.57_1,Thanh Hóa,VNM.57.2_1,Bá Thước,Huyện,False,pending,,not_in_supplied_log,,,,,not_verified_from_csv_or_progress,12,,0,12,,0
VNM.57_1,Thanh Hóa,VNM.57.3_1,Cẩm Thủy,Huyện,False,pending,,not_in_supplied_log,,,,,not_verified_from_csv_or_progress,12,,0,12,,0
VNM.57_1,Thanh Hóa,VNM.57.4_1,Đông Sơn,Huyện,False,pending,,not_in_supplied_log,,,,,not_verified_from_csv_or_progress,12,,0,12,,0
VNM.57_1,Thanh Hóa,VNM.57.5_1,Hậu Lộc,Huyện,False,pending,,not_in_supplied_log,,,,,not_verified_from_csv_or_progress,12,,0,12,,0
VNM.57_1,Thanh Hóa,VNM.57.6_1,Hà Trung,Huyện,False,pending,,not_in_supplied_log,,,,,not_verified_from_csv_or_progress,12,,0,12,,0
VNM.57_1,Thanh Hóa,VNM.57.7_1,Hoằng Hóa,Huyện,False,pending,,not_in_supplied_log,,,,,not_verified_from_csv_or_progress,12,,0,12,,0
VNM.57_1,Thanh Hóa,VNM.57.8_1,Lang Chánh,Huyện,False,pending,,not_in_supplied_log,,,,,not_verified_from_csv_or_progress,12,,0,12,,0
VNM.57_1,Thanh Hóa,VNM.57.9_1,Mường Lát,Huyện,False,pending,,not_in_supplied_log,,,,,not_verified_from_csv_or_progress,12,,0,12,,0
VNM.57_1,Thanh Hóa,VNM.57.10_1,Ngọc Lặc,Huyện,False,pending,,not_in_supplied_log,,,,,not_verified_from_csv_or_progress,12,,0,12,,0
VNM.57_1,Thanh Hóa,VNM.57.11_1,Nga Sơn,Huyện,False,pending,,not_in_supplied_log,,,,,not_verified_from_csv_or_progress,12,,0,12,,0
VNM.57_1,Thanh Hóa,VNM.57.12_1,Như Thanh,Huyện,False,pending,,not_in_supplied_log,,,,,not_verified_from_csv_or_progress,12,,0,12,,0
VNM.57_1,Thanh Hóa,VNM.57.13_1,Như Xuân,Huyện,False,pending,,not_in_supplied_log,,,,,not_verified_from_csv_or_progress,12,,0,12,,0
VNM.57_1,Thanh Hóa,VNM.57.14_1,Nông Cống,Huyện,False,pending,,not_in_supplied_log,,,,,not_verified_from_csv_or_progress,12,,0,12,,0
VNM.57_1,Thanh Hóa,VNM.57.15_1,Quảng Xương,Huyện,False,pending,,not_in_supplied_log,,,,,not_verified_from_csv_or_progress,12,,0,12,,0
VNM.57_1,Thanh Hóa,VNM.57.16_1,Quan Hóa,Huyện,False,pending,,not_in_supplied_log,,,,,not_verified_from_csv_or_progress,12,,0,12,,0
VNM.57_1,Thanh Hóa,VNM.57.17_1,Quan Sơn,Huyện,False,pending,,not_in_supplied_log,,,,,not_verified_from_csv_or_progress,12,,0,12,,0
VNM.57_1,Thanh Hóa,VNM.57.18_1,Sầm Sơn,Thành phố,False,pending,,not_in_supplied_log,,,,,not_verified_from_csv_or_progress,12,,0,12,,0
VNM.57_1,Thanh Hóa,VNM.57.19_1,Thạch Thành,Huyện,False,pending,,not_in_supplied_log,,,,,not_verified_from_csv_or_progress,12,,0,12,,0
VNM.57_1,Thanh Hóa,VNM.57.20_1,Thọ Xuân,Huyện,False,pending,,not_in_supplied_log,,,,,not_verified_from_csv_or_progress,12,,0,12,,0
VNM.57_1,Thanh Hóa,VNM.57.21_1,Thanh Hóa,Thành phố,False,pending,,not_in_supplied_log,,,,,not_verified_from_csv_or_progress,12,,0,12,,0
VNM.57_1,Thanh Hóa,VNM.57.22_1,Thiệu Hóa,Huyện,False,pending,,not_in_supplied_log,,,,,not_verified_from_csv_or_progress,12,,0,12,,0
VNM.57_1,Thanh Hóa,VNM.57.23_1,Thường Xuân,Huyện,False,pending,,not_in_supplied_log,,,,,not_verified_from_csv_or_progress,12,,0,12,,0
VNM.57_1,Thanh Hóa,VNM.57.24_1,Tĩnh Gia,Huyện,False,pending,,not_in_supplied_log,,,,,not_verified_from_csv_or_progress,12,,0,12,,0
VNM.57_1,Thanh Hóa,VNM.57.25_1,Triệu Sơn,Huyện,False,pending,,not_in_supplied_log,,,,,not_verified_from_csv_or_progress,12,,0,12,,0
VNM.57_1,Thanh Hóa,VNM.57.26_1,Vĩnh Lộc,Huyện,False,pending,,not_in_supplied_log,,,,,not_verified_from_csv_or_progress,12,,0,12,,0
VNM.57_1,Thanh Hóa,VNM.57.27_1,Yên Định,Huyện,False,pending,,not_in_supplied_log,,,,,not_verified_from_csv_or_progress,12,,0,12,,0
VNM.58_1,Tiền Giang,VNM.58.1_1,Cái Bè,Huyện,False,pending,,not_in_supplied_log,,,,,not_verified_from_csv_or_progress,12,,0,12,,0
VNM.58_1,Tiền Giang,VNM.58.2_1,Cai Lậy (Thị xã),Thị xã,False,pending,,not_in_supplied_log,,,,,not_verified_from_csv_or_progress,12,,0,12,,0
VNM.58_1,Tiền Giang,VNM.58.3_1,Cai Lậy,Huyện,False,pending,,not_in_supplied_log,,,,,not_verified_from_csv_or_progress,12,,0,12,,0
VNM.58_1,Tiền Giang,VNM.58.4_1,Chợ Gạo,Huyện,False,pending,,not_in_supplied_log,,,,,not_verified_from_csv_or_progress,12,,0,12,,0
VNM.58_1,Tiền Giang,VNM.58.5_1,Châu Thành,Huyện,False,pending,,not_in_supplied_log,,,,,not_verified_from_csv_or_progress,12,,0,12,,0
VNM.58_1,Tiền Giang,VNM.58.6_1,Gò Công Đông,Huyện,False,pending,,not_in_supplied_log,,,,,not_verified_from_csv_or_progress,12,,0,12,,0
VNM.58_1,Tiền Giang,VNM.58.7_1,Gò Công Tây,Huyện,False,pending,,not_in_supplied_log,,,,,not_verified_from_csv_or_progress,12,,0,12,,0
VNM.58_1,Tiền Giang,VNM.58.8_1,Gò Công,Thị xã,False,pending,,not_in_supplied_log,,,,,not_verified_from_csv_or_progress,12,,0,12,,0
VNM.58_1,Tiền Giang,VNM.58.9_1,Mỹ Tho,Thành phố,False,pending,,not_in_supplied_log,,,,,not_verified_from_csv_or_progress,12,,0,12,,0
VNM.58_1,Tiền Giang,VNM.58.10_1,Tân Phú Đông,Huyện,False,pending,,not_in_supplied_log,,,,,not_verified_from_csv_or_progress,12,,0,12,,0
VNM.58_1,Tiền Giang,VNM.58.11_1,Tân Phước,Huyện,False,pending,,not_in_supplied_log,,,,,not_verified_from_csv_or_progress,12,,0,12,,0
VNM.59_1,Trà Vinh,VNM.59.1_1,Cầu Kè,Huyện,False,pending,,not_in_supplied_log,,,,,not_verified_from_csv_or_progress,12,,0,12,,0
VNM.59_1,Trà Vinh,VNM.59.2_1,Cầu Ngang,Huyện,False,pending,,not_in_supplied_log,,,,,not_verified_from_csv_or_progress,12,,0,12,,0
VNM.59_1,Trà Vinh,VNM.59.3_1,Càng Long,Huyện,False,pending,,not_in_supplied_log,,,,,not_verified_from_csv_or_progress,12,,0,12,,0
VNM.59_1,Trà Vinh,VNM.59.4_1,Châu Thành,Huyện,False,pending,,not_in_supplied_log,,,,,not_verified_from_csv_or_progress,12,,0,12,,0
VNM.59_1,Trà Vinh,VNM.59.5_1,Duyên Hải (Thị xã),Thị xã,False,pending,,not_in_supplied_log,,,,,not_verified_from_csv_or_progress,12,,0,12,,0
VNM.59_1,Trà Vinh,VNM.59.6_1,Duyên Hải,Huyện,False,pending,,not_in_supplied_log,,,,,not_verified_from_csv_or_progress,12,,0,12,,0
VNM.59_1,Trà Vinh,VNM.59.7_1,Tiểu Cần,Huyện,False,pending,,not_in_supplied_log,,,,,not_verified_from_csv_or_progress,12,,0,12,,0
VNM.59_1,Trà Vinh,VNM.59.8_1,Trà Cú,Huyện,False,pending,,not_in_supplied_log,,,,,not_verified_from_csv_or_progress,12,,0,12,,0
VNM.59_1,Trà Vinh,VNM.59.9_1,Trà Vinh,Thành phố,False,pending,,not_in_supplied_log,,,,,not_verified_from_csv_or_progress,12,,0,12,,0
VNM.60_1,Tuyên Quang,VNM.60.1_1,Chiêm Hóa,Huyện,False,pending,,not_in_supplied_log,,,,,not_verified_from_csv_or_progress,12,,0,12,,0
VNM.60_1,Tuyên Quang,VNM.60.2_1,Hàm Yên,Huyện,False,pending,,not_in_supplied_log,,,,,not_verified_from_csv_or_progress,12,,0,12,,0
VNM.60_1,Tuyên Quang,VNM.60.3_1,Lâm Bình,Huyện,False,pending,,not_in_supplied_log,,,,,not_verified_from_csv_or_progress,12,,0,12,,0
VNM.60_1,Tuyên Quang,VNM.60.4_1,Nà Hang,Huyện,False,pending,,not_in_supplied_log,,,,,not_verified_from_csv_or_progress,12,,0,12,,0
VNM.60_1,Tuyên Quang,VNM.60.5_1,Sơn Dương,Huyện,False,pending,,not_in_supplied_log,,,,,not_verified_from_csv_or_progress,12,,0,12,,0
VNM.60_1,Tuyên Quang,VNM.60.6_1,Tuyên Quang,Thành phố,False,pending,,not_in_supplied_log,,,,,not_verified_from_csv_or_progress,12,,0,12,,0
VNM.60_1,Tuyên Quang,VNM.60.7_1,Yên Sơn,Huyện,False,pending,,not_in_supplied_log,,,,,not_verified_from_csv_or_progress,12,,0,12,,0
VNM.61_1,Vĩnh Long,VNM.61.1_1,Bình Minh,Thị xã,False,pending,,not_in_supplied_log,,,,,not_verified_from_csv_or_progress,12,,0,12,,0
VNM.61_1,Vĩnh Long,VNM.61.2_1,Bình Tân,Huyện,False,pending,,not_in_supplied_log,,,,,not_verified_from_csv_or_progress,12,,0,12,,0
VNM.61_1,Vĩnh Long,VNM.61.3_1,Long Hồ,Huyện,False,pending,,not_in_supplied_log,,,,,not_verified_from_csv_or_progress,12,,0,12,,0
VNM.61_1,Vĩnh Long,VNM.61.4_1,Mang Thít,Huyện,False,pending,,not_in_supplied_log,,,,,not_verified_from_csv_or_progress,12,,0,12,,0
VNM.61_1,Vĩnh Long,VNM.61.5_1,Tam Bình,Huyện,False,pending,,not_in_supplied_log,,,,,not_verified_from_csv_or_progress,12,,0,12,,0
VNM.61_1,Vĩnh Long,VNM.61.6_1,Trà Ôn,Huyện,False,pending,,not_in_supplied_log,,,,,not_verified_from_csv_or_progress,12,,0,12,,0
VNM.61_1,Vĩnh Long,VNM.61.7_1,Vĩnh Long,Thành phố,False,pending,,not_in_supplied_log,,,,,not_verified_from_csv_or_progress,12,,0,12,,0
VNM.61_1,Vĩnh Long,VNM.61.8_1,Vũng Liêm,Huyện,False,pending,,not_in_supplied_log,,,,,not_verified_from_csv_or_progress,12,,0,12,,0
VNM.62_1,Vĩnh Phúc,VNM.62.1_1,Bình Xuyên,Huyện,False,pending,,not_in_supplied_log,,,,,not_verified_from_csv_or_progress,12,,0,12,,0
VNM.62_1,Vĩnh Phúc,VNM.62.2_1,Lập Thạch,Huyện,False,pending,,not_in_supplied_log,,,,,not_verified_from_csv_or_progress,12,,0,12,,0
VNM.62_1,Vĩnh Phúc,VNM.62.3_1,Phúc Yên,Thị xã,False,pending,,not_in_supplied_log,,,,,not_verified_from_csv_or_progress,12,,0,12,,0
VNM.62_1,Vĩnh Phúc,VNM.62.4_1,Sông Lô,Huyện,False,pending,,not_in_supplied_log,,,,,not_verified_from_csv_or_progress,12,,0,12,,0
VNM.62_1,Vĩnh Phúc,VNM.62.5_1,Tam Đảo,Huyện,False,pending,,not_in_supplied_log,,,,,not_verified_from_csv_or_progress,12,,0,12,,0
VNM.62_1,Vĩnh Phúc,VNM.62.6_1,Tam Dương,Huyện,False,pending,,not_in_supplied_log,,,,,not_verified_from_csv_or_progress,11,2025-02,0,12,,0
VNM.62_1,Vĩnh Phúc,VNM.62.7_1,Vĩnh Tường,Huyện,False,pending,,not_in_supplied_log,,,,,not_verified_from_csv_or_progress,12,,0,12,,0
VNM.62_1,Vĩnh Phúc,VNM.62.8_1,Vĩnh Yên,Thành phố,False,pending,,not_in_supplied_log,,,,,not_verified_from_csv_or_progress,11,2025-02,0,12,,0
VNM.62_1,Vĩnh Phúc,VNM.62.9_1,Yên Lạc,Huyện,False,pending,,not_in_supplied_log,,,,,not_verified_from_csv_or_progress,12,,0,12,,0
VNM.63_1,Yên Bái,VNM.63.1_1,Lục Yên,Huyện,False,pending,,not_in_supplied_log,,,,,not_verified_from_csv_or_progress,12,,0,12,,0
VNM.63_1,Yên Bái,VNM.63.2_1,Mù Căng Chải,Huyện,False,pending,,not_in_supplied_log,,,,,not_verified_from_csv_or_progress,12,,0,12,,0
VNM.63_1,Yên Bái,VNM.63.3_1,Nghĩa Lộ,Thị xã,False,pending,,not_in_supplied_log,,,,,not_verified_from_csv_or_progress,12,,0,12,,0
VNM.63_1,Yên Bái,VNM.63.4_1,Trạm Tấu,Huyện,False,pending,,not_in_supplied_log,,,,,not_verified_from_csv_or_progress,12,,0,12,,0
VNM.63_1,Yên Bái,VNM.63.5_1,Trấn Yên,Huyện,False,pending,,not_in_supplied_log,,,,,not_verified_from_csv_or_progress,12,,0,12,,0
VNM.63_1,Yên Bái,VNM.63.6_1,Văn Chấn,Huyện,False,pending,,not_in_supplied_log,,,,,not_verified_from_csv_or_progress,12,,0,12,,0
VNM.63_1,Yên Bái,VNM.63.7_1,Văn Yên,Huyện,False,pending,,not_in_supplied_log,,,,,not_verified_from_csv_or_progress,12,,0,12,,0
VNM.63_1,Yên Bái,VNM.63.8_1,Yên Bái,Thành phố,False,pending,,not_in_supplied_log,,,,,not_verified_from_csv_or_progress,12,,0,12,,0
VNM.63_1,Yên Bái,VNM.63.9_1,Yên Bình,Huyện,False,pending,,not_in_supplied_log,,,,,not_verified_from_csv_or_progress,12,,0,12,,0
